<?xml version = '1.0' encoding = 'UTF-8'?>
<FKIndexAssociation class="oracle.dbtools.crest.model.design.relational.FKIndexAssociation" directorySegmentName="seg_0" id="2456AB07-6418-3815-583C-8D2FB8293A2C" containerWithKeyObject="E94B36C5-409E-C601-F4EF-402B8E62465C" localFKIndex="F361951E-1F16-52EB-C7E3-0D138BEE85C2" name="FK_USUARIO_ENDERECO">
<createdBy>gubal</createdBy>
<createdTime>2023-11-14 23:35:04 UTC</createdTime>
<generatorID>7A620B19-A6B2-EF62-7DCE-813854B124E5</generatorID>
<ownerDesignName>Farmácia_Eficiente</ownerDesignName>
<referredTableLongName>T_ENDERECO</referredTableLongName>
<deleteRule>NO ACTION</deleteRule>
<referredTableID>228371AE-6A9C-CF3B-B54D-F53C952A3F47</referredTableID>
<keyObject>68E256AF-383F-9364-6FAB-09E8FBDE2D8D</keyObject>
<referredKeyID>68E256AF-383F-9364-6FAB-09E8FBDE2D8D</referredKeyID>
<mandatory>true</mandatory>
<refColNames>ID_ENDERECO</refColNames>
<transferable>true</transferable>
<rely>false</rely>
<columnDependencyConstraintGenerateInDDL>true</columnDependencyConstraintGenerateInDDL>
</FKIndexAssociation>