<?xml version = '1.0' encoding = 'UTF-8'?>
<FKIndexAssociation class="oracle.dbtools.crest.model.design.relational.FKIndexAssociation" directorySegmentName="seg_0" id="45B9961E-4A10-1EE0-544F-5E41838DD539" containerWithKeyObject="A630D82C-4EC6-926F-EA83-C2AE979B5B50" localFKIndex="4975542A-7BA8-EE93-B51D-7689A2E2B46C" name="FK_USUARIO_RETIRADA">
<createdBy>gubal</createdBy>
<createdTime>2023-11-14 23:35:04 UTC</createdTime>
<generatorID>CDF18279-D98D-D682-00BD-38BC2870C611</generatorID>
<ownerDesignName>Farmácia_Eficiente</ownerDesignName>
<referredTableLongName>T_USUARIO</referredTableLongName>
<deleteRule>NO ACTION</deleteRule>
<referredTableID>E94B36C5-409E-C601-F4EF-402B8E62465C</referredTableID>
<keyObject>181D60FB-9A93-C96B-176F-63F6AC018B21</keyObject>
<referredKeyID>181D60FB-9A93-C96B-176F-63F6AC018B21</referredKeyID>
<mandatory>true</mandatory>
<refColNames>ID_USUARIO</refColNames>
<transferable>true</transferable>
<rely>false</rely>
<columnDependencyConstraintGenerateInDDL>true</columnDependencyConstraintGenerateInDDL>
</FKIndexAssociation>