<?xml version = '1.0' encoding = 'UTF-8'?>
<FKIndexAssociation class="oracle.dbtools.crest.model.design.relational.FKIndexAssociation" directorySegmentName="seg_0" id="8A86E00B-36C7-1A39-5ACF-10D2EFC8CD90" containerWithKeyObject="A630D82C-4EC6-926F-EA83-C2AE979B5B50" localFKIndex="28422E86-CF9F-385E-6D26-54EAB265E3CD" name="FK_MEDICAMENTO_RETIRADA">
<createdBy>gumor</createdBy>
<createdTime>2023-11-15 00:14:31 UTC</createdTime>
<generatorID>675B1E18-B931-3DD2-205F-E7F77BE24885</generatorID>
<ownerDesignName>Farmácia_Eficiente</ownerDesignName>
<referredTableLongName>T_MEDICAMENTO_POSTO</referredTableLongName>
<deleteRule>NO ACTION</deleteRule>
<referredTableID>567EE741-CC63-500A-E2EA-5AFF2B99B122</referredTableID>
<keyObject>832FCD19-C16C-728B-343F-E0C65E3EB438</keyObject>
<referredKeyID>832FCD19-C16C-728B-343F-E0C65E3EB438</referredKeyID>
<mandatory>true</mandatory>
<refColNames>ID_MEDICAMENTO_POSTO</refColNames>
<transferable>true</transferable>
<rely>false</rely>
<columnDependencyConstraintGenerateInDDL>true</columnDependencyConstraintGenerateInDDL>
</FKIndexAssociation>