<?xml version = '1.0' encoding = 'UTF-8'?>
<FKIndexAssociation class="oracle.dbtools.crest.model.design.relational.FKIndexAssociation" directorySegmentName="seg_0" id="A1DCA3ED-DBE6-24E6-19E0-1397D4D87F3E" containerWithKeyObject="567EE741-CC63-500A-E2EA-5AFF2B99B122" localFKIndex="861938FD-6B14-7C6F-522D-FF556E473930" name="FK_POSTO_MEDICAMENTO">
<createdBy>gubal</createdBy>
<createdTime>2023-11-14 23:35:04 UTC</createdTime>
<generatorID>603B6EA9-EE83-B26D-508C-2B6F2C58BCDB</generatorID>
<ownerDesignName>Farmácia_Eficiente</ownerDesignName>
<referredTableLongName>T_POSTO_SAUDE</referredTableLongName>
<deleteRule>NO ACTION</deleteRule>
<referredTableID>D6E0E1FC-7699-8C63-31A2-F0854CD21917</referredTableID>
<keyObject>FF937C1D-E4F1-2A29-28A2-43FCDBC43CFC</keyObject>
<referredKeyID>FF937C1D-E4F1-2A29-28A2-43FCDBC43CFC</referredKeyID>
<mandatory>true</mandatory>
<refColNames>ID_POSTO</refColNames>
<transferable>true</transferable>
<rely>false</rely>
<columnDependencyConstraintGenerateInDDL>true</columnDependencyConstraintGenerateInDDL>
</FKIndexAssociation>