<?xml version = '1.0' encoding = 'UTF-8'?>
<FKIndexAssociation class="oracle.dbtools.crest.model.design.relational.FKIndexAssociation" directorySegmentName="seg_0" id="E4C5D20D-05A8-81D1-7EEB-DBA20E86D859" containerWithKeyObject="D6E0E1FC-7699-8C63-31A2-F0854CD21917" localFKIndex="ECA86AD9-B387-E2E4-B65A-2516B88F4FA4" name="FK_POSTO_ENDERECO">
<createdBy>gubal</createdBy>
<createdTime>2023-11-14 23:35:04 UTC</createdTime>
<generatorID>53589B78-10F5-1790-C0FF-6488AE50D22D</generatorID>
<ownerDesignName>Farmácia_Eficiente</ownerDesignName>
<referredTableLongName>T_ENDERECO</referredTableLongName>
<deleteRule>NO ACTION</deleteRule>
<referredTableID>228371AE-6A9C-CF3B-B54D-F53C952A3F47</referredTableID>
<keyObject>68E256AF-383F-9364-6FAB-09E8FBDE2D8D</keyObject>
<referredKeyID>68E256AF-383F-9364-6FAB-09E8FBDE2D8D</referredKeyID>
<mandatory>true</mandatory>
<refColNames>ID_ENDERECO</refColNames>
<transferable>true</transferable>
<rely>false</rely>
<columnDependencyConstraintGenerateInDDL>true</columnDependencyConstraintGenerateInDDL>
</FKIndexAssociation>