<?xml version = '1.0' encoding = 'UTF-8'?>
<FKIndexAssociation class="oracle.dbtools.crest.model.design.relational.FKIndexAssociation" directorySegmentName="seg_0" id="EAABB790-E92C-57E3-108C-9F85FFB1728E" containerWithKeyObject="567EE741-CC63-500A-E2EA-5AFF2B99B122" localFKIndex="560ABA57-11CC-2539-B490-BCD0C15D56E1" name="FK_MEDICAMENTO_POSTO">
<createdBy>gubal</createdBy>
<createdTime>2023-11-14 23:35:04 UTC</createdTime>
<generatorID>42AD39DD-44A1-A992-3354-FBBBFF82861F</generatorID>
<ownerDesignName>Farmácia_Eficiente</ownerDesignName>
<referredTableLongName>T_MEDICAMENTO</referredTableLongName>
<deleteRule>NO ACTION</deleteRule>
<referredTableID>AA20689B-2383-C877-843A-6AFD9F1BDBBC</referredTableID>
<keyObject>C44537E0-B966-CD64-2C92-AB20B71E2E11</keyObject>
<referredKeyID>C44537E0-B966-CD64-2C92-AB20B71E2E11</referredKeyID>
<mandatory>true</mandatory>
<refColNames>ID_MEDICAMENTO</refColNames>
<transferable>true</transferable>
<rely>false</rely>
<columnDependencyConstraintGenerateInDDL>true</columnDependencyConstraintGenerateInDDL>
</FKIndexAssociation>