<?xml version = '1.0' encoding = 'UTF-8'?>
<FKIndexAssociation class="oracle.dbtools.crest.model.design.relational.FKIndexAssociation" directorySegmentName="seg_0" id="13F7B470-8A76-0707-967C-36B291657464" containerWithKeyObject="99AE19A6-1CA0-5FD2-4A76-01DD43B78D12" localFKIndex="47505A19-7BF1-3AD9-69A8-A21868BF4517" name="FK_USU_DEP">
<createdBy>gumor</createdBy>
<createdTime>2023-11-14 21:28:00 UTC</createdTime>
<generatorID>9D8000B2-6877-0568-748A-FED61BA5D516</generatorID>
<ownerDesignName>Vacina_Fácil</ownerDesignName>
<referredTableLongName>T_USUARIO</referredTableLongName>
<deleteRule>NO ACTION</deleteRule>
<referredTableID>9BE1C145-09EB-C282-1A88-C6F637697416</referredTableID>
<keyObject>0531DB7B-138C-EF70-2290-EADD69730B0E</keyObject>
<referredKeyID>0531DB7B-138C-EF70-2290-EADD69730B0E</referredKeyID>
<mandatory>true</mandatory>
<refColNames>ID_USUARIO</refColNames>
<transferable>true</transferable>
<rely>false</rely>
<columnDependencyConstraintGenerateInDDL>true</columnDependencyConstraintGenerateInDDL>
</FKIndexAssociation>