<?xml version = '1.0' encoding = 'UTF-8'?>
<Entity class="oracle.dbtools.crest.model.design.logical.Entity" directorySegmentName="seg_0" id="33F765DC-AE0D-D050-EA15-E7F8B802C5F1" name="T_POSTO_SAUDE">
<createdBy>gumor</createdBy>
<createdTime>2023-11-14 20:19:05 UTC</createdTime>
<ownerDesignName>Farmácia_Eficiente</ownerDesignName>
<engineerTo>
<item key="840542EE-B5B0-63FA-D10A-C2F916EE5EAA" value="true"/>
</engineerTo>
<adequatelyNormalized>NO</adequatelyNormalized>
<expectedVolumes>0</expectedVolumes>
<fwdEngineeringStrategyName>Single Table</fwdEngineeringStrategyName>
<growthPercent>0</growthPercent>
<growthType>Year</growthType>
<maxVolumes>9999999</maxVolumes>
<minVolumes>0</minVolumes>
<normalForm>Third</normalForm>
<attributes itemClass="oracle.dbtools.crest.model.design.logical.Attribute">
<Attribute name="ID_POSTO" id="6D789D2B-7B06-0A35-6966-94B0E4F724BE">
<createdBy>gumor</createdBy>
<createdTime>2023-11-14 20:19:22 UTC</createdTime>
<ownerDesignName>Farmácia_Eficiente</ownerDesignName>
<engineerTo>
<item key="840542EE-B5B0-63FA-D10A-C2F916EE5EAA" value="true"/>
</engineerTo>
<useDomainConstraints>false</useDomainConstraints>
<use>1</use>
<logicalDatatype>LOGDT019</logicalDatatype>
<dataTypePrecision>9</dataTypePrecision>
<ownDataTypeParameters>,9,</ownDataTypeParameters>
</Attribute>
<Attribute name="ID_ENDERECO" id="FD1CA00E-6009-63BE-04EF-0D8379AD3BCD">
<createdBy>gubal</createdBy>
<createdTime>2023-11-14 23:09:51 UTC</createdTime>
<generatorID>53589B78-10F5-1790-C0FF-6488AE50D22D</generatorID>
<ownerDesignName>Farmácia_Eficiente</ownerDesignName>
<engineerTo>
<item key="840542EE-B5B0-63FA-D10A-C2F916EE5EAA" value="true"/>
</engineerTo>
<referedAttribute>C672EFC0-9B42-309A-6AD6-17C1CA0692C5</referedAttribute>
<useDomainConstraints>false</useDomainConstraints>
<use>1</use>
<logicalDatatype>LOGDT019</logicalDatatype>
<dataTypePrecision>9</dataTypePrecision>
<ownDataTypeParameters>,9,</ownDataTypeParameters>
</Attribute>
<Attribute name="NM_POSTO" id="72B503CE-13BA-6B07-D213-C45AD0A425D6">
<createdBy>gumor</createdBy>
<createdTime>2023-11-14 20:19:24 UTC</createdTime>
<ownerDesignName>Farmácia_Eficiente</ownerDesignName>
<engineerTo>
<item key="840542EE-B5B0-63FA-D10A-C2F916EE5EAA" value="true"/>
</engineerTo>
<useDomainConstraints>false</useDomainConstraints>
<use>1</use>
<logicalDatatype>LOGDT024</logicalDatatype>
<dataTypeSize>50</dataTypeSize>
<ownDataTypeParameters>50,,</ownDataTypeParameters>
</Attribute>
<Attribute name="DS_DESCRICAO" id="6E7B0130-52BC-04EB-F99D-2B6407B125C7">
<createdBy>gubal</createdBy>
<createdTime>2023-11-14 23:12:20 UTC</createdTime>
<ownerDesignName>Farmácia_Eficiente</ownerDesignName>
<engineerTo>
<item key="840542EE-B5B0-63FA-D10A-C2F916EE5EAA" value="true"/>
</engineerTo>
<useDomainConstraints>false</useDomainConstraints>
<use>1</use>
<logicalDatatype>LOGDT024</logicalDatatype>
<dataTypeSize>200</dataTypeSize>
<ownDataTypeParameters>200,,</ownDataTypeParameters>
</Attribute>
<Attribute name="SG_ATIVO" id="20227380-95AA-ABBF-6C40-812DCF39D211">
<createdBy>gubal</createdBy>
<createdTime>2023-11-14 23:18:09 UTC</createdTime>
<ownerDesignName>Farmácia_Eficiente</ownerDesignName>
<engineerTo>
<item key="840542EE-B5B0-63FA-D10A-C2F916EE5EAA" value="true"/>
</engineerTo>
<useDomainConstraints>false</useDomainConstraints>
<use>1</use>
<logicalDatatype>LOGDT025</logicalDatatype>
<dataTypeSize>1</dataTypeSize>
<listOfValues>
<valueDef value="A" description="ATIVO"/>
<valueDef value="I" description="INATIVO"/>
</listOfValues>
<defaultValue>A</defaultValue>
<ownDataTypeParameters>1,,</ownDataTypeParameters>
</Attribute>
</attributes>
<identifiers itemClass="oracle.dbtools.crest.model.design.logical.CandidateKey">
<identifier id="38C76DF7-30C5-40F7-F317-1D7B307989F3" name="PK_T_POSTO_SAUDE">
<createdBy>gumor</createdBy>
<createdTime>2023-11-14 20:19:40 UTC</createdTime>
<ownerDesignName>Farmácia_Eficiente</ownerDesignName>
<shouldEngineer>false</shouldEngineer>
<engineerTo>
<item key="840542EE-B5B0-63FA-D10A-C2F916EE5EAA" value="false"/>
</engineerTo>
<pk>true</pk>
<newElementsIDs>6D789D2B-7B06-0A35-6966-94B0E4F724BE</newElementsIDs>
<usedAttributes>
<attributeRef>6D789D2B-7B06-0A35-6966-94B0E4F724BE</attributeRef>
</usedAttributes>
</identifier>
</identifiers>
</Entity>