<?xml version = '1.0' encoding = 'UTF-8'?>
<Entity class="oracle.dbtools.crest.model.design.logical.Entity" directorySegmentName="seg_0" id="61D027B1-101C-75FE-AFCE-ED7E7B7A2D8F" name="T_USUARIO">
<createdBy>gumor</createdBy>
<createdTime>2023-11-14 19:12:45 UTC</createdTime>
<ownerDesignName>Farmácia_Eficiente</ownerDesignName>
<engineerTo>
<item key="840542EE-B5B0-63FA-D10A-C2F916EE5EAA" value="true"/>
</engineerTo>
<adequatelyNormalized>NO</adequatelyNormalized>
<expectedVolumes>0</expectedVolumes>
<fwdEngineeringStrategyName>Single Table</fwdEngineeringStrategyName>
<growthPercent>0</growthPercent>
<growthType>Year</growthType>
<maxVolumes>9999999</maxVolumes>
<minVolumes>0</minVolumes>
<normalForm>Third</normalForm>
<attributes itemClass="oracle.dbtools.crest.model.design.logical.Attribute">
<Attribute name="ID_USUARIO" id="496DBB61-85CE-4578-CF35-5D360E7E72B5">
<createdBy>gumor</createdBy>
<createdTime>2023-11-14 19:19:46 UTC</createdTime>
<ownerDesignName>Farmácia_Eficiente</ownerDesignName>
<engineerTo>
<item key="840542EE-B5B0-63FA-D10A-C2F916EE5EAA" value="true"/>
</engineerTo>
<useDomainConstraints>false</useDomainConstraints>
<use>1</use>
<logicalDatatype>LOGDT019</logicalDatatype>
<dataTypePrecision>9</dataTypePrecision>
<ownDataTypeParameters>,9,</ownDataTypeParameters>
</Attribute>
<Attribute name="ID_ENDERECO" id="C92EF64F-F266-CFA1-A39B-9E42740D0D6E">
<createdBy>gubal</createdBy>
<createdTime>2023-11-14 23:10:03 UTC</createdTime>
<generatorID>7A620B19-A6B2-EF62-7DCE-813854B124E5</generatorID>
<ownerDesignName>Farmácia_Eficiente</ownerDesignName>
<engineerTo>
<item key="840542EE-B5B0-63FA-D10A-C2F916EE5EAA" value="true"/>
</engineerTo>
<referedAttribute>C672EFC0-9B42-309A-6AD6-17C1CA0692C5</referedAttribute>
<useDomainConstraints>false</useDomainConstraints>
<use>1</use>
<logicalDatatype>LOGDT019</logicalDatatype>
<dataTypePrecision>9</dataTypePrecision>
<ownDataTypeParameters>,9,</ownDataTypeParameters>
</Attribute>
<Attribute name="DS_EMAIL" id="52F8CE48-2DC6-9CBC-423C-F65AA4725879">
<createdBy>gumor</createdBy>
<createdTime>2023-11-14 19:19:46 UTC</createdTime>
<ownerDesignName>Farmácia_Eficiente</ownerDesignName>
<engineerTo>
<item key="840542EE-B5B0-63FA-D10A-C2F916EE5EAA" value="true"/>
</engineerTo>
<useDomainConstraints>false</useDomainConstraints>
<use>1</use>
<logicalDatatype>LOGDT024</logicalDatatype>
<dataTypeSize>50</dataTypeSize>
<ownDataTypeParameters>50,,</ownDataTypeParameters>
</Attribute>
<Attribute name="NM_USUARIO" id="1F442B3C-EFA1-BFB3-ED19-8C2DB369C188">
<createdBy>gumor</createdBy>
<createdTime>2023-11-14 19:19:46 UTC</createdTime>
<ownerDesignName>Farmácia_Eficiente</ownerDesignName>
<engineerTo>
<item key="840542EE-B5B0-63FA-D10A-C2F916EE5EAA" value="true"/>
</engineerTo>
<useDomainConstraints>false</useDomainConstraints>
<use>1</use>
<logicalDatatype>LOGDT024</logicalDatatype>
<dataTypeSize>40</dataTypeSize>
<ownDataTypeParameters>40,,</ownDataTypeParameters>
</Attribute>
<Attribute name="NR_TELEFONE" id="F68E03CA-1D60-23BC-F45C-35DAE444E07C">
<createdBy>gumor</createdBy>
<createdTime>2023-11-14 19:19:46 UTC</createdTime>
<ownerDesignName>Farmácia_Eficiente</ownerDesignName>
<engineerTo>
<item key="840542EE-B5B0-63FA-D10A-C2F916EE5EAA" value="true"/>
</engineerTo>
<useDomainConstraints>false</useDomainConstraints>
<use>1</use>
<logicalDatatype>LOGDT024</logicalDatatype>
<dataTypeSize>9</dataTypeSize>
<ownDataTypeParameters>9,,</ownDataTypeParameters>
</Attribute>
<Attribute name="SG_TIPO" id="90ACF4E0-97DF-83E6-A245-BDB517D9222F">
<createdBy>gubal</createdBy>
<createdTime>2023-11-14 23:14:31 UTC</createdTime>
<ownerDesignName>Farmácia_Eficiente</ownerDesignName>
<engineerTo>
<item key="840542EE-B5B0-63FA-D10A-C2F916EE5EAA" value="true"/>
</engineerTo>
<useDomainConstraints>false</useDomainConstraints>
<use>1</use>
<logicalDatatype>LOGDT025</logicalDatatype>
<dataTypeSize>1</dataTypeSize>
<listOfValues>
<valueDef value="A" description="ADMNISTRADOR"/>
<valueDef value="P" description="PACIENTE"/>
</listOfValues>
<ownDataTypeParameters>1,,</ownDataTypeParameters>
</Attribute>
<Attribute name="SG_ATIVO" id="5E6E895E-D607-5CEE-5649-B5924089BE6A">
<createdBy>gubal</createdBy>
<createdTime>2023-11-14 23:15:57 UTC</createdTime>
<ownerDesignName>Farmácia_Eficiente</ownerDesignName>
<engineerTo>
<item key="840542EE-B5B0-63FA-D10A-C2F916EE5EAA" value="true"/>
</engineerTo>
<useDomainConstraints>false</useDomainConstraints>
<use>1</use>
<logicalDatatype>LOGDT025</logicalDatatype>
<dataTypeSize>1</dataTypeSize>
<listOfValues>
<valueDef value="A" description="ATIVO"/>
<valueDef value="I" description="INATIVO"/>
</listOfValues>
<defaultValue>A</defaultValue>
<ownDataTypeParameters>1,,</ownDataTypeParameters>
</Attribute>
</attributes>
<identifiers itemClass="oracle.dbtools.crest.model.design.logical.CandidateKey">
<identifier id="44579496-F400-E494-D557-EF45F1B2A772" name="PK_T_USUARIO">
<createdBy>gumor</createdBy>
<createdTime>2023-11-14 19:19:57 UTC</createdTime>
<ownerDesignName>Farmácia_Eficiente</ownerDesignName>
<shouldEngineer>false</shouldEngineer>
<engineerTo>
<item key="840542EE-B5B0-63FA-D10A-C2F916EE5EAA" value="false"/>
</engineerTo>
<pk>true</pk>
<newElementsIDs>496DBB61-85CE-4578-CF35-5D360E7E72B5</newElementsIDs>
<usedAttributes>
<attributeRef>496DBB61-85CE-4578-CF35-5D360E7E72B5</attributeRef>
</usedAttributes>
</identifier>
<identifier id="7A1BBE56-FE11-5FDF-34AF-6395300BB15F" name="UK_DS_EMAIL">
<createdBy>gumor</createdBy>
<createdTime>2023-11-14 20:29:23 UTC</createdTime>
<ownerDesignName>Farmácia_Eficiente</ownerDesignName>
<shouldEngineer>false</shouldEngineer>
<engineerTo>
<item key="840542EE-B5B0-63FA-D10A-C2F916EE5EAA" value="false"/>
</engineerTo>
<newElementsIDs>52F8CE48-2DC6-9CBC-423C-F65AA4725879</newElementsIDs>
<usedAttributes>
<attributeRef>52F8CE48-2DC6-9CBC-423C-F65AA4725879</attributeRef>
</usedAttributes>
</identifier>
</identifiers>
</Entity>