<?xml version = '1.0' encoding = 'UTF-8'?>
<Entity class="oracle.dbtools.crest.model.design.logical.Entity" directorySegmentName="seg_0" id="D6D44073-5808-0846-533F-63FAD82FD9E4" name="T_MEDICAMENTO_POSTO">
<createdBy>gumor</createdBy>
<createdTime>2023-11-14 20:21:15 UTC</createdTime>
<ownerDesignName>Farmácia_Eficiente</ownerDesignName>
<engineerTo>
<item key="840542EE-B5B0-63FA-D10A-C2F916EE5EAA" value="true"/>
</engineerTo>
<adequatelyNormalized>NO</adequatelyNormalized>
<expectedVolumes>0</expectedVolumes>
<fwdEngineeringStrategyName>Single Table</fwdEngineeringStrategyName>
<growthPercent>0</growthPercent>
<growthType>Year</growthType>
<maxVolumes>9999999</maxVolumes>
<minVolumes>0</minVolumes>
<normalForm>Third</normalForm>
<attributes itemClass="oracle.dbtools.crest.model.design.logical.Attribute">
<Attribute name="ID_MEDICAMENTO_POSTO" id="1CBA7155-D49C-A57E-BA68-575E2DE64DE5">
<createdBy>gumor</createdBy>
<createdTime>2023-11-15 00:12:29 UTC</createdTime>
<ownerDesignName>Farmácia_Eficiente</ownerDesignName>
<engineerTo>
<item key="840542EE-B5B0-63FA-D10A-C2F916EE5EAA" value="true"/>
</engineerTo>
<useDomainConstraints>false</useDomainConstraints>
<use>1</use>
<logicalDatatype>LOGDT019</logicalDatatype>
<dataTypePrecision>9</dataTypePrecision>
<ownDataTypeParameters>,9,</ownDataTypeParameters>
</Attribute>
<Attribute name="ID_POSTO" id="4ACBBC70-5B65-2319-EEA7-E8A4489B1A61">
<createdBy>gumor</createdBy>
<createdTime>2023-11-14 20:32:40 UTC</createdTime>
<generatorID>603B6EA9-EE83-B26D-508C-2B6F2C58BCDB</generatorID>
<ownerDesignName>Farmácia_Eficiente</ownerDesignName>
<engineerTo>
<item key="840542EE-B5B0-63FA-D10A-C2F916EE5EAA" value="true"/>
</engineerTo>
<referedAttribute>6D789D2B-7B06-0A35-6966-94B0E4F724BE</referedAttribute>
<useDomainConstraints>false</useDomainConstraints>
<use>1</use>
<logicalDatatype>LOGDT019</logicalDatatype>
<dataTypePrecision>9</dataTypePrecision>
<ownDataTypeParameters>,,</ownDataTypeParameters>
</Attribute>
<Attribute name="ID_MEDICAMENTO" id="D1EC7304-E3D7-6E0E-94C4-41D2AB2D761F">
<createdBy>gubal</createdBy>
<createdTime>2023-11-14 23:32:50 UTC</createdTime>
<generatorID>42AD39DD-44A1-A992-3354-FBBBFF82861F</generatorID>
<ownerDesignName>Farmácia_Eficiente</ownerDesignName>
<engineerTo>
<item key="840542EE-B5B0-63FA-D10A-C2F916EE5EAA" value="true"/>
</engineerTo>
<referedAttribute>8F78DE92-D2B2-4F32-4B2E-7629841E279C</referedAttribute>
<useDomainConstraints>false</useDomainConstraints>
<use>1</use>
<logicalDatatype>LOGDT019</logicalDatatype>
<dataTypePrecision>9</dataTypePrecision>
<ownDataTypeParameters>,,</ownDataTypeParameters>
</Attribute>
<Attribute name="NR_ESTOQUE" id="1C313E02-1689-AA63-5094-15C71F737411">
<createdBy>gubal</createdBy>
<createdTime>2023-11-14 23:13:29 UTC</createdTime>
<ownerDesignName>Farmácia_Eficiente</ownerDesignName>
<engineerTo>
<item key="840542EE-B5B0-63FA-D10A-C2F916EE5EAA" value="true"/>
</engineerTo>
<useDomainConstraints>false</useDomainConstraints>
<use>1</use>
<logicalDatatype>LOGDT019</logicalDatatype>
<dataTypePrecision>5</dataTypePrecision>
<ownDataTypeParameters>,5,</ownDataTypeParameters>
</Attribute>
</attributes>
<identifiers itemClass="oracle.dbtools.crest.model.design.logical.CandidateKey">
<identifier id="4DC186F7-DBD5-E103-101D-E61C3DD71A78" name="T_MEDICAMENTO_POSTO PK">
<createdBy>gumor</createdBy>
<createdTime>2023-11-15 00:14:08 UTC</createdTime>
<ownerDesignName>Farmácia_Eficiente</ownerDesignName>
<shouldEngineer>false</shouldEngineer>
<engineerTo>
<item key="840542EE-B5B0-63FA-D10A-C2F916EE5EAA" value="false"/>
</engineerTo>
<pk>true</pk>
<usedAttributes>
<attributeRef>1CBA7155-D49C-A57E-BA68-575E2DE64DE5</attributeRef>
</usedAttributes>
</identifier>
</identifiers>
</Entity>