<?xml version = '1.0' encoding = 'UTF-8'?>
<Diagram class="oracle.dbtools.crest.swingui.logical.DPVLogical" name="Logical" id="D5665F45-BAB7-C3C9-F39E-C98A0755EF3D">
<createdBy>gumor</createdBy>
<modifiedBy>gumor</modifiedBy>
<createdTime>2023-11-14 19:12:45 UTC</createdTime>
<autoRoute>false</autoRoute>
<boxInbox>true</boxInbox>
<showLegend>false</showLegend>
<showLabels>false</showLabels>
<showRelAttributes>false</showRelAttributes>
<gridEnabled>false</gridEnabled>
<showGrid>false</showGrid>
<diagramColor>-1</diagramColor>
<display>false</display>
<notation>2</notation>
<objectViews>
<OView class="oracle.dbtools.crest.swingui.logical.TVEntity" oid="33F765DC-AE0D-D050-EA15-E7F8B802C5F1" otype="Entity" vid="DCCDB1C4-72C7-6418-5E15-F599A5E3E323">
<hideElementsInCurrentOnly>false</hideElementsInCurrentOnly>
<bounds x="927" y="50" width="263" height="120"/>
</OView>
<OView class="oracle.dbtools.crest.swingui.logical.TVEntity" oid="61D027B1-101C-75FE-AFCE-ED7E7B7A2D8F" otype="Entity" vid="C2423518-4837-E9A0-D32E-FC0456B6766E">
<hideElementsInCurrentOnly>false</hideElementsInCurrentOnly>
<bounds x="77" y="41" width="276" height="192"/>
</OView>
<OView class="oracle.dbtools.crest.swingui.logical.TVEntity" oid="661C4A13-89AF-B569-C012-D03BDB96171B" otype="Entity" vid="59CEF557-12A2-F854-684F-74B3D236F97A">
<hideElementsInCurrentOnly>false</hideElementsInCurrentOnly>
<bounds x="929" y="661" width="319" height="164"/>
</OView>
<OView class="oracle.dbtools.crest.swingui.logical.TVEntity" oid="860D223D-C390-32D3-D203-0AC7F0DED162" otype="Entity" vid="B7B1F035-0FD3-8A4E-FF29-D45E9705DBBC">
<hideElementsInCurrentOnly>false</hideElementsInCurrentOnly>
<bounds x="477" y="391" width="296" height="174"/>
</OView>
<OView class="oracle.dbtools.crest.swingui.logical.TVEntity" oid="D6D44073-5808-0846-533F-63FAD82FD9E4" otype="Entity" vid="537C5220-1AE6-3F48-FAAB-5A43D3E20A73">
<hideElementsInCurrentOnly>false</hideElementsInCurrentOnly>
<bounds x="923" y="397" width="301" height="129"/>
</OView>
<OView class="oracle.dbtools.crest.swingui.logical.TVEntity" oid="F081F467-2738-32E5-1C0B-5FD45D05AFD2" otype="Entity" vid="095500B7-373A-9D50-10C4-DF1244866CF6">
<hideElementsInCurrentOnly>false</hideElementsInCurrentOnly>
<bounds x="487" y="38" width="277" height="200"/>
</OView>
</objectViews>
<connectors>
<Connector class="oracle.dbtools.crest.swingui.logical.TVRelation" oid="42AD39DD-44A1-A992-3354-FBBBFF82861F" otype="Relation" vid_source="B7B1F035-0FD3-8A4E-FF29-D45E9705DBBC" vid_target="537C5220-1AE6-3F48-FAAB-5A43D3E20A73">
<hideElementsInCurrentOnly>false</hideElementsInCurrentOnly>
<backgroundColor>-16777216</backgroundColor>
<lineWidth>1</lineWidth>
<points>
<point x="773" y="461"/>
<point x="923" y="461"/>
</points>
</Connector>
<Connector class="oracle.dbtools.crest.swingui.logical.TVRelation" oid="53589B78-10F5-1790-C0FF-6488AE50D22D" otype="Relation" vid_source="DCCDB1C4-72C7-6418-5E15-F599A5E3E323" vid_target="095500B7-373A-9D50-10C4-DF1244866CF6">
<hideElementsInCurrentOnly>false</hideElementsInCurrentOnly>
<backgroundColor>-16777216</backgroundColor>
<lineWidth>1</lineWidth>
<points>
<point x="927" y="110"/>
<point x="764" y="110"/>
</points>
</Connector>
<Connector class="oracle.dbtools.crest.swingui.logical.TVRelation" oid="603B6EA9-EE83-B26D-508C-2B6F2C58BCDB" otype="Relation" vid_source="DCCDB1C4-72C7-6418-5E15-F599A5E3E323" vid_target="537C5220-1AE6-3F48-FAAB-5A43D3E20A73">
<hideElementsInCurrentOnly>false</hideElementsInCurrentOnly>
<backgroundColor>-16777216</backgroundColor>
<lineWidth>1</lineWidth>
<points>
<point x="1058" y="170"/>
<point x="1058" y="397"/>
</points>
</Connector>
<Connector class="oracle.dbtools.crest.swingui.logical.TVRelation" oid="675B1E18-B931-3DD2-205F-E7F77BE24885" otype="Relation" vid_source="537C5220-1AE6-3F48-FAAB-5A43D3E20A73" vid_target="59CEF557-12A2-F854-684F-74B3D236F97A">
<hideElementsInCurrentOnly>false</hideElementsInCurrentOnly>
<backgroundColor>-16777216</backgroundColor>
<lineWidth>1</lineWidth>
<points>
<point x="1076" y="526"/>
<point x="1076" y="661"/>
</points>
</Connector>
<Connector class="oracle.dbtools.crest.swingui.logical.TVRelation" oid="7A620B19-A6B2-EF62-7DCE-813854B124E5" otype="Relation" vid_source="C2423518-4837-E9A0-D32E-FC0456B6766E" vid_target="095500B7-373A-9D50-10C4-DF1244866CF6">
<hideElementsInCurrentOnly>false</hideElementsInCurrentOnly>
<backgroundColor>-16777216</backgroundColor>
<lineWidth>1</lineWidth>
<points>
<point x="353" y="137"/>
<point x="487" y="137"/>
</points>
</Connector>
<Connector class="oracle.dbtools.crest.swingui.logical.TVRelation" oid="CDF18279-D98D-D682-00BD-38BC2870C611" otype="Relation" vid_source="C2423518-4837-E9A0-D32E-FC0456B6766E" vid_target="59CEF557-12A2-F854-684F-74B3D236F97A">
<hideElementsInCurrentOnly>false</hideElementsInCurrentOnly>
<backgroundColor>-16777216</backgroundColor>
<lineWidth>1</lineWidth>
<points>
<point x="201" y="233"/>
<point x="201" y="727"/>
<point x="929" y="727"/>
</points>
</Connector>
</connectors>
</Diagram>