<?xml version = '1.0' encoding = 'UTF-8'?>
<Relation class="oracle.dbtools.crest.model.design.logical.Relation" name="FK_USUARIO_RETIRADA" directorySegmentName="seg_0" id="CDF18279-D98D-D682-00BD-38BC2870C611">
<createdBy>gumor</createdBy>
<createdTime>2023-11-14 20:27:04 UTC</createdTime>
<ownerDesignName>Farmácia_Eficiente</ownerDesignName>
<engineerTo>
<item key="840542EE-B5B0-63FA-D10A-C2F916EE5EAA" value="true"/>
</engineerTo>
<sourcePk>44579496-F400-E494-D557-EF45F1B2A772</sourcePk>
<identifying>false</identifying>
<optionalSource>true</optionalSource>
<optionalTarget>false</optionalTarget>
<sourceCardinality>1</sourceCardinality>
<sourceEntity>61D027B1-101C-75FE-AFCE-ED7E7B7A2D8F</sourceEntity>
<targetCardinalityString>*</targetCardinalityString>
<targetEntity>661C4A13-89AF-B569-C012-D03BDB96171B</targetEntity>
<transferable>true</transferable>
<deleteRule>NO ACTION</deleteRule>
</Relation>