<?xml version = '1.0' encoding = 'UTF-8'?>
<Relation class="oracle.dbtools.crest.model.design.logical.Relation" name="FK_MEDICAMENTO_POSTO" directorySegmentName="seg_0" id="42AD39DD-44A1-A992-3354-FBBBFF82861F">
<createdBy>gumor</createdBy>
<createdTime>2023-11-14 20:32:28 UTC</createdTime>
<ownerDesignName>Farmácia_Eficiente</ownerDesignName>
<engineerTo>
<item key="840542EE-B5B0-63FA-D10A-C2F916EE5EAA" value="true"/>
</engineerTo>
<sourcePk>9B6F5F97-D1FF-F825-6F49-19F5F43F9D82</sourcePk>
<identifying>false</identifying>
<optionalSource>true</optionalSource>
<optionalTarget>false</optionalTarget>
<sourceCardinality>1</sourceCardinality>
<sourceEntity>860D223D-C390-32D3-D203-0AC7F0DED162</sourceEntity>
<targetCardinalityString>*</targetCardinalityString>
<targetEntity>D6D44073-5808-0846-533F-63FAD82FD9E4</targetEntity>
<transferable>true</transferable>
<deleteRule>NO ACTION</deleteRule>
</Relation>