<?xml version = '1.0' encoding = 'UTF-8'?>
<Relation class="oracle.dbtools.crest.model.design.logical.Relation" name="FK_POSTO_ENDERECO" directorySegmentName="seg_0" id="53589B78-10F5-1790-C0FF-6488AE50D22D">
<createdBy>gumor</createdBy>
<createdTime>2023-11-14 20:25:32 UTC</createdTime>
<ownerDesignName>Farmácia_Eficiente</ownerDesignName>
<engineerTo>
<item key="840542EE-B5B0-63FA-D10A-C2F916EE5EAA" value="true"/>
</engineerTo>
<sourcePk>38C76DF7-30C5-40F7-F317-1D7B307989F3</sourcePk>
<targetPk>ABA80A5F-342C-1DD5-ADFD-B7D48E265ADD</targetPk>
<identifying>false</identifying>
<optionalSource>false</optionalSource>
<optionalTarget>true</optionalTarget>
<sourceCardinality>1</sourceCardinality>
<sourceEntity>33F765DC-AE0D-D050-EA15-E7F8B802C5F1</sourceEntity>
<targetCardinalityString>1</targetCardinalityString>
<targetEntity>F081F467-2738-32E5-1C0B-5FD45D05AFD2</targetEntity>
<transferable>true</transferable>
<deleteRule>NO ACTION</deleteRule>
</Relation>