<?xml version = '1.0' encoding = 'UTF-8'?>
<Relation class="oracle.dbtools.crest.model.design.logical.Relation" name="FK_POSTO_MEDICAMENTO" directorySegmentName="seg_0" id="603B6EA9-EE83-B26D-508C-2B6F2C58BCDB">
<createdBy>gumor</createdBy>
<createdTime>2023-11-14 20:32:40 UTC</createdTime>
<ownerDesignName>Farmácia_Eficiente</ownerDesignName>
<engineerTo>
<item key="840542EE-B5B0-63FA-D10A-C2F916EE5EAA" value="true"/>
</engineerTo>
<sourcePk>38C76DF7-30C5-40F7-F317-1D7B307989F3</sourcePk>
<identifying>false</identifying>
<optionalSource>true</optionalSource>
<optionalTarget>false</optionalTarget>
<sourceCardinality>1</sourceCardinality>
<sourceEntity>33F765DC-AE0D-D050-EA15-E7F8B802C5F1</sourceEntity>
<targetCardinalityString>*</targetCardinalityString>
<targetEntity>D6D44073-5808-0846-533F-63FAD82FD9E4</targetEntity>
<transferable>true</transferable>
<deleteRule>NO ACTION</deleteRule>
</Relation>