<?xml version = '1.0' encoding = 'UTF-8'?>
<Relation class="oracle.dbtools.crest.model.design.logical.Relation" name="FK_MEDICAMENTO_RETIRADA" directorySegmentName="seg_0" id="675B1E18-B931-3DD2-205F-E7F77BE24885">
<createdBy>gumor</createdBy>
<createdTime>2023-11-15 00:13:16 UTC</createdTime>
<ownerDesignName>Farmácia_Eficiente</ownerDesignName>
<engineerTo>
<item key="840542EE-B5B0-63FA-D10A-C2F916EE5EAA" value="true"/>
</engineerTo>
<sourcePk>4DC186F7-DBD5-E103-101D-E61C3DD71A78</sourcePk>
<identifying>false</identifying>
<optionalSource>true</optionalSource>
<optionalTarget>false</optionalTarget>
<sourceCardinality>1</sourceCardinality>
<sourceEntity>D6D44073-5808-0846-533F-63FAD82FD9E4</sourceEntity>
<targetCardinalityString>*</targetCardinalityString>
<targetEntity>661C4A13-89AF-B569-C012-D03BDB96171B</targetEntity>
<transferable>true</transferable>
<deleteRule>NO ACTION</deleteRule>
</Relation>