<?xml version = '1.0' encoding = 'UTF-8'?>
<Relation class="oracle.dbtools.crest.model.design.logical.Relation" name="FK_USUARIO_ENDERECO" directorySegmentName="seg_0" id="7A620B19-A6B2-EF62-7DCE-813854B124E5">
<createdBy>gumor</createdBy>
<createdTime>2023-11-14 20:24:37 UTC</createdTime>
<ownerDesignName>Farmácia_Eficiente</ownerDesignName>
<engineerTo>
<item key="840542EE-B5B0-63FA-D10A-C2F916EE5EAA" value="true"/>
</engineerTo>
<sourcePk>44579496-F400-E494-D557-EF45F1B2A772</sourcePk>
<targetPk>ABA80A5F-342C-1DD5-ADFD-B7D48E265ADD</targetPk>
<identifying>false</identifying>
<optionalSource>false</optionalSource>
<optionalTarget>true</optionalTarget>
<sourceCardinality>1</sourceCardinality>
<sourceEntity>61D027B1-101C-75FE-AFCE-ED7E7B7A2D8F</sourceEntity>
<targetCardinalityString>1</targetCardinalityString>
<targetEntity>F081F467-2738-32E5-1C0B-5FD45D05AFD2</targetEntity>
<transferable>true</transferable>
<deleteRule>NO ACTION</deleteRule>
</Relation>