<?xml version = '1.0' encoding = 'UTF-8'?>
<Diagram class="oracle.dbtools.crest.swingui.relational.DPVRelational" name="Relational_1" id="80967229-21FF-3DE9-7379-45283C0A00C3">
<createdBy>gumor</createdBy>
<modifiedBy>gumor</modifiedBy>
<createdTime>2023-11-14 20:33:53 UTC</createdTime>
<autoRoute>false</autoRoute>
<boxInbox>true</boxInbox>
<showLegend>false</showLegend>
<showLabels>false</showLabels>
<showRelAttributes>false</showRelAttributes>
<gridEnabled>false</gridEnabled>
<showGrid>false</showGrid>
<diagramColor>-1</diagramColor>
<display>false</display>
<notation>1</notation>
<objectViews>
<OView class="oracle.dbtools.crest.swingui.relational.TVTable" oid="228371AE-6A9C-CF3B-B54D-F53C952A3F47" otype="Table" vid="FE9F44D1-1BA2-E1E9-BC9F-FF7AFCA58A95">
<hideElementsInCurrentOnly>false</hideElementsInCurrentOnly>
<bounds x="490" y="15" width="277" height="200"/>
</OView>
<OView class="oracle.dbtools.crest.swingui.relational.TVTable" oid="567EE741-CC63-500A-E2EA-5AFF2B99B122" otype="Table" vid="D8F5CE9F-621D-C964-5013-339B8CB0CEE4">
<hideElementsInCurrentOnly>false</hideElementsInCurrentOnly>
<bounds x="923" y="397" width="301" height="159"/>
</OView>
<OView class="oracle.dbtools.crest.swingui.relational.TVTable" oid="A630D82C-4EC6-926F-EA83-C2AE979B5B50" otype="Table" vid="B80B9BDE-81E3-64E5-ED10-514AD599A1A3">
<hideElementsInCurrentOnly>false</hideElementsInCurrentOnly>
<bounds x="912" y="677" width="319" height="164"/>
</OView>
<OView class="oracle.dbtools.crest.swingui.relational.TVTable" oid="AA20689B-2383-C877-843A-6AFD9F1BDBBC" otype="Table" vid="74B7EFE1-6BDE-1F45-46EB-774DE0690F6B">
<hideElementsInCurrentOnly>false</hideElementsInCurrentOnly>
<bounds x="477" y="382" width="296" height="174"/>
</OView>
<OView class="oracle.dbtools.crest.swingui.relational.TVTable" oid="D6E0E1FC-7699-8C63-31A2-F0854CD21917" otype="Table" vid="FD5EDD90-69BE-427D-A918-E5D261B2BD95">
<hideElementsInCurrentOnly>false</hideElementsInCurrentOnly>
<bounds x="927" y="50" width="263" height="120"/>
</OView>
<OView class="oracle.dbtools.crest.swingui.relational.TVTable" oid="E94B36C5-409E-C601-F4EF-402B8E62465C" otype="Table" vid="8A3EB402-182F-9FA4-CBC7-ADACD659CAFC">
<hideElementsInCurrentOnly>false</hideElementsInCurrentOnly>
<bounds x="74" y="15" width="276" height="211"/>
</OView>
</objectViews>
<connectors>
<Connector class="oracle.dbtools.crest.swingui.relational.TVFKRelation" oid="2456AB07-6418-3815-583C-8D2FB8293A2C" otype="FKIndexAssociation" vid_source="FE9F44D1-1BA2-E1E9-BC9F-FF7AFCA58A95" vid_target="8A3EB402-182F-9FA4-CBC7-ADACD659CAFC">
<hideElementsInCurrentOnly>false</hideElementsInCurrentOnly>
<backgroundColor>-16777216</backgroundColor>
<lineWidth>1</lineWidth>
<points>
<point x="490" y="100"/>
<point x="350" y="100"/>
</points>
</Connector>
<Connector class="oracle.dbtools.crest.swingui.relational.TVFKRelation" oid="45B9961E-4A10-1EE0-544F-5E41838DD539" otype="FKIndexAssociation" vid_source="8A3EB402-182F-9FA4-CBC7-ADACD659CAFC" vid_target="B80B9BDE-81E3-64E5-ED10-514AD599A1A3">
<hideElementsInCurrentOnly>false</hideElementsInCurrentOnly>
<backgroundColor>-16777216</backgroundColor>
<lineWidth>1</lineWidth>
<points>
<point x="201" y="226"/>
<point x="201" y="727"/>
<point x="912" y="727"/>
</points>
</Connector>
<Connector class="oracle.dbtools.crest.swingui.relational.TVFKRelation" oid="8A86E00B-36C7-1A39-5ACF-10D2EFC8CD90" otype="FKIndexAssociation" vid_source="D8F5CE9F-621D-C964-5013-339B8CB0CEE4" vid_target="B80B9BDE-81E3-64E5-ED10-514AD599A1A3">
<hideElementsInCurrentOnly>false</hideElementsInCurrentOnly>
<backgroundColor>-16777216</backgroundColor>
<lineWidth>1</lineWidth>
<points>
<point x="1073" y="556"/>
<point x="1073" y="677"/>
</points>
</Connector>
<Connector class="oracle.dbtools.crest.swingui.relational.TVFKRelation" oid="A1DCA3ED-DBE6-24E6-19E0-1397D4D87F3E" otype="FKIndexAssociation" vid_source="FD5EDD90-69BE-427D-A918-E5D261B2BD95" vid_target="D8F5CE9F-621D-C964-5013-339B8CB0CEE4">
<hideElementsInCurrentOnly>false</hideElementsInCurrentOnly>
<backgroundColor>-16777216</backgroundColor>
<lineWidth>1</lineWidth>
<points>
<point x="1088" y="170"/>
<point x="1088" y="397"/>
</points>
</Connector>
<Connector class="oracle.dbtools.crest.swingui.relational.TVFKRelation" oid="E4C5D20D-05A8-81D1-7EEB-DBA20E86D859" otype="FKIndexAssociation" vid_source="FE9F44D1-1BA2-E1E9-BC9F-FF7AFCA58A95" vid_target="FD5EDD90-69BE-427D-A918-E5D261B2BD95">
<hideElementsInCurrentOnly>false</hideElementsInCurrentOnly>
<backgroundColor>-16777216</backgroundColor>
<lineWidth>1</lineWidth>
<points>
<point x="767" y="110"/>
<point x="927" y="110"/>
</points>
</Connector>
<Connector class="oracle.dbtools.crest.swingui.relational.TVFKRelation" oid="EAABB790-E92C-57E3-108C-9F85FFB1728E" otype="FKIndexAssociation" vid_source="74B7EFE1-6BDE-1F45-46EB-774DE0690F6B" vid_target="D8F5CE9F-621D-C964-5013-339B8CB0CEE4">
<hideElementsInCurrentOnly>false</hideElementsInCurrentOnly>
<backgroundColor>-16777216</backgroundColor>
<lineWidth>1</lineWidth>
<points>
<point x="773" y="491"/>
<point x="923" y="491"/>
</points>
</Connector>
</connectors>
</Diagram>