<?xml version = '1.0' encoding = 'UTF-8'?>
<relationalModel class="oracle.dbtools.crest.model.design.relational.RelationalDesign" name="Relational_1" id="840542EE-B5B0-63FA-D10A-C2F916EE5EAA" mainViewID="80967229-21FF-3DE9-7379-45283C0A00C3">
<createdBy>gumor</createdBy>
<createdTime>2023-11-14 19:03:30 UTC</createdTime>
<ownerDesignName>Farmácia_Eficiente</ownerDesignName>
<shouldBeOpen>false</shouldBeOpen>
<selectedRDBMSSite>32076570-2523-435C-2E92-BF29817DFF70</selectedRDBMSSite>
</relationalModel>