<?xml version = '1.0' encoding = 'UTF-8'?>
<Entity class="oracle.dbtools.crest.model.design.logical.Entity" directorySegmentName="seg_0" id="3C7CD90D-13E0-713D-744A-C9F4FD48A0BE" name="T_VACINA">
<createdBy>gumor</createdBy>
<createdTime>2023-11-14 20:51:27 UTC</createdTime>
<ownerDesignName>Vacina_Fácil</ownerDesignName>
<engineerTo>
<item key="C6BC0C4E-C690-A425-5DD0-FF699920DDC2" value="true"/>
</engineerTo>
<adequatelyNormalized>NO</adequatelyNormalized>
<expectedVolumes>0</expectedVolumes>
<fwdEngineeringStrategyName>Single Table</fwdEngineeringStrategyName>
<growthPercent>0</growthPercent>
<growthType>Year</growthType>
<maxVolumes>9999999</maxVolumes>
<minVolumes>0</minVolumes>
<normalForm>Third</normalForm>
<attributes itemClass="oracle.dbtools.crest.model.design.logical.Attribute">
<Attribute name="ID_VACINA" id="9819C066-3A81-602F-6370-6A5DB32DF440">
<createdBy>gumor</createdBy>
<createdTime>2023-11-14 20:51:54 UTC</createdTime>
<ownerDesignName>Vacina_Fácil</ownerDesignName>
<engineerTo>
<item key="C6BC0C4E-C690-A425-5DD0-FF699920DDC2" value="true"/>
</engineerTo>
<useDomainConstraints>false</useDomainConstraints>
<use>1</use>
<logicalDatatype>LOGDT019</logicalDatatype>
<dataTypePrecision>9</dataTypePrecision>
<ownDataTypeParameters>,9,</ownDataTypeParameters>
</Attribute>
<Attribute name="ID_FABRICANTE" id="7E199233-7087-63CB-309D-1463D262CF11">
<createdBy>gumor</createdBy>
<createdTime>2023-11-15 18:44:51 UTC</createdTime>
<generatorID>96458346-DDC5-B0D3-5A2E-8FEA768FBF30</generatorID>
<ownerDesignName>Vacina_Fácil</ownerDesignName>
<engineerTo>
<item key="C6BC0C4E-C690-A425-5DD0-FF699920DDC2" value="true"/>
</engineerTo>
<referedAttribute>C0008520-98B4-BA60-E246-CB472B6FC531</referedAttribute>
<useDomainConstraints>false</useDomainConstraints>
<use>1</use>
<logicalDatatype>LOGDT019</logicalDatatype>
<dataTypePrecision>9</dataTypePrecision>
<ownDataTypeParameters>,,</ownDataTypeParameters>
</Attribute>
<Attribute name="NM_VACINA" id="C12190B6-696B-AE6D-BA56-E4C9C6416CBB">
<createdBy>gumor</createdBy>
<createdTime>2023-11-14 20:52:07 UTC</createdTime>
<ownerDesignName>Vacina_Fácil</ownerDesignName>
<engineerTo>
<item key="C6BC0C4E-C690-A425-5DD0-FF699920DDC2" value="true"/>
</engineerTo>
<useDomainConstraints>false</useDomainConstraints>
<use>1</use>
<logicalDatatype>LOGDT024</logicalDatatype>
<dataTypeSize>100</dataTypeSize>
<ownDataTypeParameters>100,,</ownDataTypeParameters>
</Attribute>
<Attribute name="SG_TIPO" id="97836E04-78B5-C3AF-F239-121B82ACF97F">
<createdBy>gumor</createdBy>
<createdTime>2023-11-15 17:48:53 UTC</createdTime>
<ownerDesignName>Vacina_Fácil</ownerDesignName>
<engineerTo>
<item key="C6BC0C4E-C690-A425-5DD0-FF699920DDC2" value="true"/>
</engineerTo>
<constraintName>DOSE VACINA</constraintName>
<useDomainConstraints>false</useDomainConstraints>
<use>1</use>
<logicalDatatype>LOGDT025</logicalDatatype>
<dataTypeSize>1</dataTypeSize>
<listOfValues>
<valueDef value="D" description="DUPLA"/>
<valueDef value="T" description="TRIPLA"/>
<valueDef value="U" description="UNICA"/>
</listOfValues>
<defaultValue>U</defaultValue>
<ownDataTypeParameters>1,,</ownDataTypeParameters>
</Attribute>
<Attribute name="DT_INICIAL" id="4A1480CE-BFD4-7AB6-3CAA-C36802702D9B">
<createdBy>gumor</createdBy>
<createdTime>2023-11-15 17:51:14 UTC</createdTime>
<ownerDesignName>Vacina_Fácil</ownerDesignName>
<engineerTo>
<item key="C6BC0C4E-C690-A425-5DD0-FF699920DDC2" value="true"/>
</engineerTo>
<useDomainConstraints>false</useDomainConstraints>
<use>1</use>
<logicalDatatype>LOGDT019</logicalDatatype>
<ownDataTypeParameters>,,</ownDataTypeParameters>
</Attribute>
<Attribute name="INT_VACINA" id="4AFF2744-9C8A-ADDF-BC4B-37016B3CB023">
<createdBy>gumor</createdBy>
<createdTime>2023-11-14 20:52:36 UTC</createdTime>
<ownerDesignName>Vacina_Fácil</ownerDesignName>
<engineerTo>
<item key="C6BC0C4E-C690-A425-5DD0-FF699920DDC2" value="true"/>
</engineerTo>
<useDomainConstraints>false</useDomainConstraints>
<use>1</use>
<logicalDatatype>LOGDT019</logicalDatatype>
<ownDataTypeParameters>,,</ownDataTypeParameters>
</Attribute>
</attributes>
<identifiers itemClass="oracle.dbtools.crest.model.design.logical.CandidateKey">
<identifier id="609ECEBA-A1F6-E434-9DF1-6A5117B32050" name="PK_T_VACINA">
<createdBy>gumor</createdBy>
<createdTime>2023-11-14 20:52:05 UTC</createdTime>
<ownerDesignName>Vacina_Fácil</ownerDesignName>
<shouldEngineer>false</shouldEngineer>
<engineerTo>
<item key="C6BC0C4E-C690-A425-5DD0-FF699920DDC2" value="false"/>
</engineerTo>
<pk>true</pk>
<newElementsIDs>9819C066-3A81-602F-6370-6A5DB32DF440</newElementsIDs>
<usedAttributes>
<attributeRef>9819C066-3A81-602F-6370-6A5DB32DF440</attributeRef>
</usedAttributes>
</identifier>
</identifiers>
</Entity>