<?xml version = '1.0' encoding = 'UTF-8'?>
<Entity class="oracle.dbtools.crest.model.design.logical.Entity" directorySegmentName="seg_0" id="F4ED87BD-810B-D63D-B307-811B08DE7898" name="T_AVISO">
<createdBy>gumor</createdBy>
<createdTime>2023-11-15 17:59:00 UTC</createdTime>
<ownerDesignName>Vacina_Fácil</ownerDesignName>
<engineerTo>
<item key="C6BC0C4E-C690-A425-5DD0-FF699920DDC2" value="true"/>
</engineerTo>
<adequatelyNormalized>NO</adequatelyNormalized>
<expectedVolumes>0</expectedVolumes>
<fwdEngineeringStrategyName>Single Table</fwdEngineeringStrategyName>
<growthPercent>0</growthPercent>
<growthType>Year</growthType>
<maxVolumes>9999999</maxVolumes>
<minVolumes>0</minVolumes>
<normalForm>Third</normalForm>
<attributes itemClass="oracle.dbtools.crest.model.design.logical.Attribute">
<Attribute name="ID_AVISO" id="5D6CFEFE-3BC6-1ED0-4F1D-491152129B74">
<createdBy>gumor</createdBy>
<createdTime>2023-11-15 17:59:08 UTC</createdTime>
<ownerDesignName>Vacina_Fácil</ownerDesignName>
<engineerTo>
<item key="C6BC0C4E-C690-A425-5DD0-FF699920DDC2" value="true"/>
</engineerTo>
<useDomainConstraints>false</useDomainConstraints>
<use>1</use>
<logicalDatatype>LOGDT019</logicalDatatype>
<dataTypePrecision>9</dataTypePrecision>
<ownDataTypeParameters>,9,</ownDataTypeParameters>
</Attribute>
<Attribute name="ID_DEP" id="B5CEA200-CD32-3A15-66F8-62785A7DCCB1">
<createdBy>gumor</createdBy>
<createdTime>2023-11-15 18:02:03 UTC</createdTime>
<generatorID>49601F40-8489-88BF-7E90-050D00566240</generatorID>
<ownerDesignName>Vacina_Fácil</ownerDesignName>
<engineerTo>
<item key="C6BC0C4E-C690-A425-5DD0-FF699920DDC2" value="true"/>
</engineerTo>
<referedAttribute>1F472B02-5DED-CC3E-5EFE-F969F9A0851E</referedAttribute>
<useDomainConstraints>false</useDomainConstraints>
<use>1</use>
<logicalDatatype>LOGDT019</logicalDatatype>
<dataTypePrecision>9</dataTypePrecision>
<ownDataTypeParameters>,9,</ownDataTypeParameters>
</Attribute>
<Attribute name="ID_USUARIO" id="12D9B586-840B-4C4D-4F77-7B3E89EF386B">
<createdBy>gumor</createdBy>
<createdTime>2023-11-15 18:02:12 UTC</createdTime>
<generatorID>A8927E96-F5F4-676D-A60F-E16DF1777919</generatorID>
<ownerDesignName>Vacina_Fácil</ownerDesignName>
<engineerTo>
<item key="C6BC0C4E-C690-A425-5DD0-FF699920DDC2" value="true"/>
</engineerTo>
<referedAttribute>DAE3D64F-F384-CCFB-710A-9EF9125EC890</referedAttribute>
<useDomainConstraints>false</useDomainConstraints>
<use>1</use>
<logicalDatatype>LOGDT019</logicalDatatype>
<dataTypePrecision>9</dataTypePrecision>
<ownDataTypeParameters>,9,</ownDataTypeParameters>
</Attribute>
<Attribute name="ID_VACINA" id="47441DEB-5579-77BC-DEE8-68899948DB5F">
<createdBy>gumor</createdBy>
<createdTime>2023-11-15 18:02:28 UTC</createdTime>
<generatorID>9AEDE111-63AF-08A0-D186-B8732D2616DB</generatorID>
<ownerDesignName>Vacina_Fácil</ownerDesignName>
<engineerTo>
<item key="C6BC0C4E-C690-A425-5DD0-FF699920DDC2" value="true"/>
</engineerTo>
<referedAttribute>9819C066-3A81-602F-6370-6A5DB32DF440</referedAttribute>
<useDomainConstraints>false</useDomainConstraints>
<use>1</use>
<logicalDatatype>LOGDT019</logicalDatatype>
<dataTypePrecision>9</dataTypePrecision>
<ownDataTypeParameters>,9,</ownDataTypeParameters>
</Attribute>
</attributes>
<identifiers itemClass="oracle.dbtools.crest.model.design.logical.CandidateKey">
<identifier id="1AADBC9B-5553-DCDB-DA96-6046A9336D89" name="PK_T_AVISO">
<createdBy>gumor</createdBy>
<createdTime>2023-11-15 17:59:21 UTC</createdTime>
<ownerDesignName>Vacina_Fácil</ownerDesignName>
<engineerTo>
<item key="C6BC0C4E-C690-A425-5DD0-FF699920DDC2" value="true"/>
</engineerTo>
<pk>true</pk>
<newElementsIDs>5D6CFEFE-3BC6-1ED0-4F1D-491152129B74</newElementsIDs>
<usedAttributes>
<attributeRef>5D6CFEFE-3BC6-1ED0-4F1D-491152129B74</attributeRef>
</usedAttributes>
</identifier>
</identifiers>
</Entity>