<?xml version = '1.0' encoding = 'UTF-8'?>
<Relation class="oracle.dbtools.crest.model.design.logical.Relation" name="FK_USU_DEP" directorySegmentName="seg_0" id="9D8000B2-6877-0568-748A-FED61BA5D516">
<createdBy>gumor</createdBy>
<createdTime>2023-11-14 21:01:00 UTC</createdTime>
<ownerDesignName>Vacina_Fácil</ownerDesignName>
<engineerTo>
<item key="C6BC0C4E-C690-A425-5DD0-FF699920DDC2" value="true"/>
</engineerTo>
<sourcePk>D55571D3-F79F-2453-3364-C33918B1A8A5</sourcePk>
<identifying>false</identifying>
<optionalSource>true</optionalSource>
<optionalTarget>false</optionalTarget>
<sourceCardinality>1</sourceCardinality>
<sourceEntity>A35BC333-0191-FA6F-6327-06CF81E003D0</sourceEntity>
<targetCardinalityString>*</targetCardinalityString>
<targetEntity>DF488557-9D34-692C-9657-01B184468D36</targetEntity>
<transferable>true</transferable>
<deleteRule>NO ACTION</deleteRule>
</Relation>