<?xml version = '1.0' encoding = 'UTF-8'?>
<Table class="oracle.dbtools.crest.model.design.relational.Table" directorySegmentName="seg_0" id="228371AE-6A9C-CF3B-B54D-F53C952A3F47" name="T_ENDERECO">
<createdBy>gubal</createdBy>
<createdTime>2023-11-14 23:35:04 UTC</createdTime>
<generatorID>F081F467-2738-32E5-1C0B-5FD45D05AFD2</generatorID>
<ownerDesignName>Farmácia_Eficiente</ownerDesignName>
<allowColumnReorder>false</allowColumnReorder>
<existDependencyGenerateInDDl>true</existDependencyGenerateInDDl>
<parsed>true</parsed>
<columns itemClass="oracle.dbtools.crest.model.design.relational.Column">
<Column name="ID_ENDERECO" id="4A8C95FE-E6D7-3EB1-7B83-B129C668225E">
<createdBy>gubal</createdBy>
<createdTime>2023-11-14 23:35:04 UTC</createdTime>
<generatorID>C672EFC0-9B42-309A-6AD6-17C1CA0692C5</generatorID>
<ownerDesignName>Farmácia_Eficiente</ownerDesignName>
<useDomainConstraints>false</useDomainConstraints>
<use>1</use>
<logicalDatatype>LOGDT019</logicalDatatype>
<dataTypePrecision>9</dataTypePrecision>
<ownDataTypeParameters>,9,</ownDataTypeParameters>
<autoIncrementCycle>false</autoIncrementCycle>
</Column>
<Column name="DS_LOGRADOURO" id="4DDBDD26-A440-B297-21A9-D6E4FB225504">
<createdBy>gubal</createdBy>
<createdTime>2023-11-14 23:35:04 UTC</createdTime>
<generatorID>C22A4CC4-045A-3F8B-1521-C23EA2DEA96B</generatorID>
<ownerDesignName>Farmácia_Eficiente</ownerDesignName>
<useDomainConstraints>false</useDomainConstraints>
<use>1</use>
<logicalDatatype>LOGDT024</logicalDatatype>
<dataTypeSize>50</dataTypeSize>
<ownDataTypeParameters>50,,</ownDataTypeParameters>
<autoIncrementCycle>false</autoIncrementCycle>
</Column>
<Column name="NR_LOGRADOURO" id="18AFB535-0C6D-F83A-124B-35EF46540AFB">
<createdBy>gubal</createdBy>
<createdTime>2023-11-14 23:35:04 UTC</createdTime>
<generatorID>5F3E93F5-7726-A187-6835-2D8B63A842BD</generatorID>
<ownerDesignName>Farmácia_Eficiente</ownerDesignName>
<useDomainConstraints>false</useDomainConstraints>
<use>1</use>
<logicalDatatype>LOGDT024</logicalDatatype>
<dataTypeSize>10</dataTypeSize>
<ownDataTypeParameters>10,,</ownDataTypeParameters>
<autoIncrementCycle>false</autoIncrementCycle>
</Column>
<Column name="DS_COMPLEMENTO" id="22F8CBD7-5876-1381-E8F9-BD2FC27BEFAC">
<createdBy>gubal</createdBy>
<createdTime>2023-11-14 23:35:04 UTC</createdTime>
<generatorID>E51F9DB1-A460-C7E1-6D65-A468538EF17C</generatorID>
<ownerDesignName>Farmácia_Eficiente</ownerDesignName>
<nullsAllowed>true</nullsAllowed>
<useDomainConstraints>false</useDomainConstraints>
<use>1</use>
<logicalDatatype>LOGDT024</logicalDatatype>
<dataTypeSize>15</dataTypeSize>
<ownDataTypeParameters>15,,</ownDataTypeParameters>
<autoIncrementCycle>false</autoIncrementCycle>
</Column>
<Column name="NR_CEP" id="66D60A4E-7F25-A417-13A1-0A870B2DF1E0">
<createdBy>gubal</createdBy>
<createdTime>2023-11-14 23:35:04 UTC</createdTime>
<generatorID>A1B89E81-98DD-9B83-9CC5-23024DC17DF5</generatorID>
<ownerDesignName>Farmácia_Eficiente</ownerDesignName>
<useDomainConstraints>false</useDomainConstraints>
<use>1</use>
<logicalDatatype>LOGDT024</logicalDatatype>
<dataTypeSize>8</dataTypeSize>
<ownDataTypeParameters>8,,</ownDataTypeParameters>
<autoIncrementCycle>false</autoIncrementCycle>
</Column>
<Column name="DS_ESTADO" id="89D1A0C1-AFE0-ADE0-6365-73E3BF584B29">
<createdBy>gubal</createdBy>
<createdTime>2023-11-14 23:35:04 UTC</createdTime>
<generatorID>9751B889-837A-131D-4072-5484C3F2BAF4</generatorID>
<ownerDesignName>Farmácia_Eficiente</ownerDesignName>
<useDomainConstraints>false</useDomainConstraints>
<use>1</use>
<logicalDatatype>LOGDT024</logicalDatatype>
<dataTypeSize>25</dataTypeSize>
<ownDataTypeParameters>25,,</ownDataTypeParameters>
<autoIncrementCycle>false</autoIncrementCycle>
</Column>
<Column name="DS_CIDADE" id="61CC9CE1-F485-68C2-E283-BB383ADC798A">
<createdBy>gubal</createdBy>
<createdTime>2023-11-14 23:35:04 UTC</createdTime>
<generatorID>722B0500-6D46-93FE-9444-667DFB1A4878</generatorID>
<ownerDesignName>Farmácia_Eficiente</ownerDesignName>
<useDomainConstraints>false</useDomainConstraints>
<use>1</use>
<logicalDatatype>LOGDT024</logicalDatatype>
<dataTypeSize>25</dataTypeSize>
<ownDataTypeParameters>25,,</ownDataTypeParameters>
<autoIncrementCycle>false</autoIncrementCycle>
</Column>
<Column name="SG_ATIVO" id="16717212-30ED-05B0-BAF3-A34C3EA0B70E">
<createdBy>gubal</createdBy>
<createdTime>2023-11-14 23:35:04 UTC</createdTime>
<generatorID>4FE7ADD0-25CF-7C69-57B3-66BD4F1B8CF1</generatorID>
<ownerDesignName>Farmácia_Eficiente</ownerDesignName>
<useDomainConstraints>false</useDomainConstraints>
<use>1</use>
<logicalDatatype>LOGDT025</logicalDatatype>
<dataTypeSize>1</dataTypeSize>
<listOfValues>
<valueDef value="A" description="ATIVO"/>
<valueDef value="I" description="INATIVO"/>
</listOfValues>
<defaultValue>A</defaultValue>
<ownDataTypeParameters>1,,</ownDataTypeParameters>
<autoIncrementCycle>false</autoIncrementCycle>
</Column>
</columns>
<indexes itemClass="oracle.dbtools.crest.model.design.relational.Index">
<ind_PK_UK id="68E256AF-383F-9364-6FAB-09E8FBDE2D8D" name="PK_T_ENDERECO">
<createdBy>gubal</createdBy>
<createdTime>2023-11-14 23:35:04 UTC</createdTime>
<generatorID>ABA80A5F-342C-1DD5-ADFD-B7D48E265ADD</generatorID>
<ownerDesignName>Farmácia_Eficiente</ownerDesignName>
<pk>true</pk>
<indexState>Primary Constraint</indexState>
<isSurrogateKey>false</isSurrogateKey>
<indexColumnUsage>
<colUsage columnID="4A8C95FE-E6D7-3EB1-7B83-B129C668225E"/>
</indexColumnUsage>
</ind_PK_UK>
</indexes>
</Table>