<?xml version = '1.0' encoding = 'UTF-8'?>
<Table class="oracle.dbtools.crest.model.design.relational.Table" directorySegmentName="seg_0" id="567EE741-CC63-500A-E2EA-5AFF2B99B122" name="T_MEDICAMENTO_POSTO">
<createdBy>gubal</createdBy>
<createdTime>2023-11-14 23:35:04 UTC</createdTime>
<generatorID>D6D44073-5808-0846-533F-63FAD82FD9E4</generatorID>
<ownerDesignName>Farmácia_Eficiente</ownerDesignName>
<allowColumnReorder>false</allowColumnReorder>
<existDependencyGenerateInDDl>true</existDependencyGenerateInDDl>
<parsed>true</parsed>
<columns itemClass="oracle.dbtools.crest.model.design.relational.Column">
<Column name="ID_MEDICAMENTO_POSTO" id="9ADA64FA-A38A-8953-86F0-F446BE36F946">
<createdBy>gumor</createdBy>
<createdTime>2023-11-15 00:14:31 UTC</createdTime>
<generatorID>1CBA7155-D49C-A57E-BA68-575E2DE64DE5</generatorID>
<ownerDesignName>Farmácia_Eficiente</ownerDesignName>
<useDomainConstraints>false</useDomainConstraints>
<use>1</use>
<logicalDatatype>LOGDT019</logicalDatatype>
<dataTypePrecision>9</dataTypePrecision>
<ownDataTypeParameters>,9,</ownDataTypeParameters>
<autoIncrementCycle>false</autoIncrementCycle>
</Column>
<Column name="ID_POSTO" id="E39498B4-0869-A469-7215-A558F4346833">
<createdBy>gubal</createdBy>
<createdTime>2023-11-14 23:35:04 UTC</createdTime>
<generatorID>4ACBBC70-5B65-2319-EEA7-E8A4489B1A61</generatorID>
<ownerDesignName>Farmácia_Eficiente</ownerDesignName>
<useDomainConstraints>false</useDomainConstraints>
<use>1</use>
<logicalDatatype>LOGDT019</logicalDatatype>
<dataTypePrecision>9</dataTypePrecision>
<ownDataTypeParameters>,,</ownDataTypeParameters>
<previousColumn>false</previousColumn>
<autoIncrementCycle>false</autoIncrementCycle>
<associations>
<colAssociation fkAssociation="A1DCA3ED-DBE6-24E6-19E0-1397D4D87F3E" referredColumn="19126127-75CE-8880-8C46-0EEC9E3C1DAF"/>
</associations>
</Column>
<Column name="ID_MEDICAMENTO" id="BE352601-5ACA-FA05-710C-C7537BEB6994">
<createdBy>gubal</createdBy>
<createdTime>2023-11-14 23:35:04 UTC</createdTime>
<generatorID>D1EC7304-E3D7-6E0E-94C4-41D2AB2D761F</generatorID>
<ownerDesignName>Farmácia_Eficiente</ownerDesignName>
<useDomainConstraints>false</useDomainConstraints>
<use>1</use>
<logicalDatatype>LOGDT019</logicalDatatype>
<dataTypePrecision>9</dataTypePrecision>
<ownDataTypeParameters>,,</ownDataTypeParameters>
<previousColumn>false</previousColumn>
<autoIncrementCycle>false</autoIncrementCycle>
<associations>
<colAssociation fkAssociation="EAABB790-E92C-57E3-108C-9F85FFB1728E" referredColumn="C96A5C37-5BDF-E9B0-11B2-702A85CEAD11"/>
</associations>
</Column>
<Column name="NR_ESTOQUE" id="0E7D0FA0-4A2C-B8A6-8534-F1B11567FF56">
<createdBy>gubal</createdBy>
<createdTime>2023-11-14 23:35:04 UTC</createdTime>
<generatorID>1C313E02-1689-AA63-5094-15C71F737411</generatorID>
<ownerDesignName>Farmácia_Eficiente</ownerDesignName>
<useDomainConstraints>false</useDomainConstraints>
<use>1</use>
<logicalDatatype>LOGDT019</logicalDatatype>
<dataTypePrecision>5</dataTypePrecision>
<ownDataTypeParameters>,5,</ownDataTypeParameters>
<autoIncrementCycle>false</autoIncrementCycle>
</Column>
</columns>
<indexes itemClass="oracle.dbtools.crest.model.design.relational.Index">
<ind_PK_UK id="832FCD19-C16C-728B-343F-E0C65E3EB438" name="T_MEDICAMENTO_POSTO_PK">
<createdBy>gumor</createdBy>
<createdTime>2023-11-15 00:14:31 UTC</createdTime>
<generatorID>4DC186F7-DBD5-E103-101D-E61C3DD71A78</generatorID>
<ownerDesignName>Farmácia_Eficiente</ownerDesignName>
<pk>true</pk>
<indexState>Primary Constraint</indexState>
<isSurrogateKey>false</isSurrogateKey>
<indexColumnUsage>
<colUsage columnID="9ADA64FA-A38A-8953-86F0-F446BE36F946"/>
</indexColumnUsage>
</ind_PK_UK>
<ind_PK_UK id="861938FD-6B14-7C6F-522D-FF556E473930" name="FK_POSTO_MEDICAMENTO">
<createdBy>gubal</createdBy>
<createdTime>2023-11-14 23:35:04 UTC</createdTime>
<generatorID>603B6EA9-EE83-B26D-508C-2B6F2C58BCDB</generatorID>
<ownerDesignName>Farmácia_Eficiente</ownerDesignName>
<indexState>Foreign Key</indexState>
<isSurrogateKey>false</isSurrogateKey>
<indexColumnUsage>
<colUsage columnID="E39498B4-0869-A469-7215-A558F4346833"/>
</indexColumnUsage>
</ind_PK_UK>
<ind_PK_UK id="560ABA57-11CC-2539-B490-BCD0C15D56E1" name="FK_MEDICAMENTO_POSTO">
<createdBy>gubal</createdBy>
<createdTime>2023-11-14 23:35:04 UTC</createdTime>
<generatorID>42AD39DD-44A1-A992-3354-FBBBFF82861F</generatorID>
<ownerDesignName>Farmácia_Eficiente</ownerDesignName>
<indexState>Foreign Key</indexState>
<isSurrogateKey>false</isSurrogateKey>
<indexColumnUsage>
<colUsage columnID="BE352601-5ACA-FA05-710C-C7537BEB6994"/>
</indexColumnUsage>
</ind_PK_UK>
</indexes>
</Table>