<?xml version = '1.0' encoding = 'UTF-8'?>
<Table class="oracle.dbtools.crest.model.design.relational.Table" directorySegmentName="seg_0" id="A630D82C-4EC6-926F-EA83-C2AE979B5B50" name="T_RETIRADA">
<createdBy>gubal</createdBy>
<createdTime>2023-11-14 23:35:04 UTC</createdTime>
<generatorID>661C4A13-89AF-B569-C012-D03BDB96171B</generatorID>
<ownerDesignName>Farmácia_Eficiente</ownerDesignName>
<allowColumnReorder>false</allowColumnReorder>
<existDependencyGenerateInDDl>true</existDependencyGenerateInDDl>
<parsed>true</parsed>
<columns itemClass="oracle.dbtools.crest.model.design.relational.Column">
<Column name="ID_RETIRADA" id="6725B28B-474B-74BA-5553-1BEF4AB60150">
<createdBy>gubal</createdBy>
<createdTime>2023-11-14 23:35:04 UTC</createdTime>
<generatorID>634C841B-3347-DB39-6D50-858C55404E74</generatorID>
<ownerDesignName>Farmácia_Eficiente</ownerDesignName>
<useDomainConstraints>false</useDomainConstraints>
<use>1</use>
<logicalDatatype>LOGDT019</logicalDatatype>
<dataTypePrecision>9</dataTypePrecision>
<ownDataTypeParameters>,9,</ownDataTypeParameters>
<autoIncrementCycle>false</autoIncrementCycle>
</Column>
<Column name="ID_USUARIO" id="AA6FA264-B7E4-84F9-1C42-4AAF75EE2B16">
<createdBy>gubal</createdBy>
<createdTime>2023-11-14 23:35:04 UTC</createdTime>
<generatorID>19386AC3-69BA-D7F3-DC30-253D8D810D0C</generatorID>
<ownerDesignName>Farmácia_Eficiente</ownerDesignName>
<useDomainConstraints>false</useDomainConstraints>
<use>1</use>
<logicalDatatype>LOGDT019</logicalDatatype>
<dataTypePrecision>9</dataTypePrecision>
<ownDataTypeParameters>,,</ownDataTypeParameters>
<previousColumn>false</previousColumn>
<autoIncrementCycle>false</autoIncrementCycle>
<associations>
<colAssociation fkAssociation="45B9961E-4A10-1EE0-544F-5E41838DD539" referredColumn="728DAEAE-49A8-F3E9-6CD8-ECB185C4B4E2"/>
</associations>
</Column>
<Column name="ID_MEDICAMENTO_POSTO" id="B08FD9BC-795E-BB4B-DD7D-A7E014DBA3A6">
<createdBy>gumor</createdBy>
<createdTime>2023-11-15 00:14:31 UTC</createdTime>
<generatorID>99F8E143-0264-7A4F-CDC6-4D9D4B35B4CA</generatorID>
<ownerDesignName>Farmácia_Eficiente</ownerDesignName>
<useDomainConstraints>false</useDomainConstraints>
<use>1</use>
<logicalDatatype>LOGDT019</logicalDatatype>
<dataTypePrecision>9</dataTypePrecision>
<ownDataTypeParameters>,,</ownDataTypeParameters>
<previousColumn>false</previousColumn>
<autoIncrementCycle>false</autoIncrementCycle>
<associations>
<colAssociation fkAssociation="8A86E00B-36C7-1A39-5ACF-10D2EFC8CD90" referredColumn="9ADA64FA-A38A-8953-86F0-F446BE36F946"/>
</associations>
</Column>
<Column name="DT_RETIRADA" id="BEFFE040-281F-D8FC-CD5E-8B76CD698E9B">
<createdBy>gubal</createdBy>
<createdTime>2023-11-14 23:35:04 UTC</createdTime>
<generatorID>C8D045CC-ED76-65B9-82CE-5A4F2A4CC46F</generatorID>
<ownerDesignName>Farmácia_Eficiente</ownerDesignName>
<useDomainConstraints>false</useDomainConstraints>
<use>1</use>
<logicalDatatype>LOGDT007</logicalDatatype>
<ownDataTypeParameters>,,</ownDataTypeParameters>
<autoIncrementCycle>false</autoIncrementCycle>
</Column>
</columns>
<indexes itemClass="oracle.dbtools.crest.model.design.relational.Index">
<ind_PK_UK id="8EA0F2A2-7B66-F8D0-6CDA-14C5B2FED302" name="PK_T_RETIRADA">
<createdBy>gubal</createdBy>
<createdTime>2023-11-14 23:35:04 UTC</createdTime>
<generatorID>EB5DEA39-583A-9C0D-F1A5-B0A573CB39FF</generatorID>
<ownerDesignName>Farmácia_Eficiente</ownerDesignName>
<pk>true</pk>
<indexState>Primary Constraint</indexState>
<isSurrogateKey>false</isSurrogateKey>
<indexColumnUsage>
<colUsage columnID="6725B28B-474B-74BA-5553-1BEF4AB60150"/>
</indexColumnUsage>
</ind_PK_UK>
<ind_PK_UK id="4975542A-7BA8-EE93-B51D-7689A2E2B46C" name="FK_USUARIO_RETIRADA">
<createdBy>gubal</createdBy>
<createdTime>2023-11-14 23:35:04 UTC</createdTime>
<generatorID>CDF18279-D98D-D682-00BD-38BC2870C611</generatorID>
<ownerDesignName>Farmácia_Eficiente</ownerDesignName>
<indexState>Foreign Key</indexState>
<isSurrogateKey>false</isSurrogateKey>
<indexColumnUsage>
<colUsage columnID="AA6FA264-B7E4-84F9-1C42-4AAF75EE2B16"/>
</indexColumnUsage>
</ind_PK_UK>
<ind_PK_UK id="28422E86-CF9F-385E-6D26-54EAB265E3CD" name="FK_MEDICAMENTO_RETIRADA">
<createdBy>gumor</createdBy>
<createdTime>2023-11-15 00:14:31 UTC</createdTime>
<generatorID>675B1E18-B931-3DD2-205F-E7F77BE24885</generatorID>
<ownerDesignName>Farmácia_Eficiente</ownerDesignName>
<indexState>Foreign Key</indexState>
<isSurrogateKey>false</isSurrogateKey>
<indexColumnUsage>
<colUsage columnID="B08FD9BC-795E-BB4B-DD7D-A7E014DBA3A6"/>
</indexColumnUsage>
</ind_PK_UK>
</indexes>
</Table>