<?xml version = '1.0' encoding = 'UTF-8'?>
<Table class="oracle.dbtools.crest.model.design.relational.Table" directorySegmentName="seg_0" id="AA20689B-2383-C877-843A-6AFD9F1BDBBC" name="T_MEDICAMENTO">
<createdBy>gubal</createdBy>
<createdTime>2023-11-14 23:35:04 UTC</createdTime>
<generatorID>860D223D-C390-32D3-D203-0AC7F0DED162</generatorID>
<ownerDesignName>Farmácia_Eficiente</ownerDesignName>
<allowColumnReorder>false</allowColumnReorder>
<existDependencyGenerateInDDl>true</existDependencyGenerateInDDl>
<parsed>true</parsed>
<columns itemClass="oracle.dbtools.crest.model.design.relational.Column">
<Column name="ID_MEDICAMENTO" id="C96A5C37-5BDF-E9B0-11B2-702A85CEAD11">
<createdBy>gubal</createdBy>
<createdTime>2023-11-14 23:35:04 UTC</createdTime>
<generatorID>8F78DE92-D2B2-4F32-4B2E-7629841E279C</generatorID>
<ownerDesignName>Farmácia_Eficiente</ownerDesignName>
<useDomainConstraints>false</useDomainConstraints>
<use>1</use>
<logicalDatatype>LOGDT019</logicalDatatype>
<dataTypePrecision>9</dataTypePrecision>
<ownDataTypeParameters>,9,</ownDataTypeParameters>
<autoIncrementCycle>false</autoIncrementCycle>
</Column>
<Column name="NM_MEDICAMENTO" id="B2EEE323-1C3F-C708-6078-0F36ACEA50D8">
<createdBy>gubal</createdBy>
<createdTime>2023-11-14 23:35:04 UTC</createdTime>
<generatorID>B55B4E51-3C6F-ADC5-0B97-496B589BA8DD</generatorID>
<ownerDesignName>Farmácia_Eficiente</ownerDesignName>
<useDomainConstraints>false</useDomainConstraints>
<use>1</use>
<logicalDatatype>LOGDT024</logicalDatatype>
<dataTypeSize>50</dataTypeSize>
<ownDataTypeParameters>50,,</ownDataTypeParameters>
<autoIncrementCycle>false</autoIncrementCycle>
</Column>
<Column name="NM_FABRICANTE" id="3C196B88-E4F7-9BDC-9487-5C6A8BAD125E">
<createdBy>gubal</createdBy>
<createdTime>2023-11-14 23:35:04 UTC</createdTime>
<generatorID>F3E21051-64EB-38F9-2289-DA5C22F47DE1</generatorID>
<ownerDesignName>Farmácia_Eficiente</ownerDesignName>
<useDomainConstraints>false</useDomainConstraints>
<use>1</use>
<logicalDatatype>LOGDT024</logicalDatatype>
<dataTypeSize>50</dataTypeSize>
<ownDataTypeParameters>50,,</ownDataTypeParameters>
<autoIncrementCycle>false</autoIncrementCycle>
</Column>
<Column name="NR_DOSE" id="45DF6A60-2A29-B362-B51F-7C2BC028491A">
<createdBy>gubal</createdBy>
<createdTime>2023-11-14 23:35:04 UTC</createdTime>
<generatorID>2DAADCEA-D1E9-263A-74A9-7ED37D379830</generatorID>
<ownerDesignName>Farmácia_Eficiente</ownerDesignName>
<useDomainConstraints>false</useDomainConstraints>
<use>1</use>
<logicalDatatype>LOGDT024</logicalDatatype>
<dataTypeSize>10</dataTypeSize>
<ownDataTypeParameters>10,,</ownDataTypeParameters>
<autoIncrementCycle>false</autoIncrementCycle>
</Column>
</columns>
<indexes itemClass="oracle.dbtools.crest.model.design.relational.Index">
<ind_PK_UK id="C44537E0-B966-CD64-2C92-AB20B71E2E11" name="T_MEDICAMENTO_PK">
<createdBy>gubal</createdBy>
<createdTime>2023-11-14 23:35:04 UTC</createdTime>
<generatorID>9B6F5F97-D1FF-F825-6F49-19F5F43F9D82</generatorID>
<ownerDesignName>Farmácia_Eficiente</ownerDesignName>
<pk>true</pk>
<indexState>Primary Constraint</indexState>
<isSurrogateKey>false</isSurrogateKey>
<indexColumnUsage>
<colUsage columnID="C96A5C37-5BDF-E9B0-11B2-702A85CEAD11"/>
</indexColumnUsage>
</ind_PK_UK>
</indexes>
</Table>