<?xml version = '1.0' encoding = 'UTF-8'?>
<Table class="oracle.dbtools.crest.model.design.relational.Table" directorySegmentName="seg_0" id="D6E0E1FC-7699-8C63-31A2-F0854CD21917" name="T_POSTO_SAUDE">
<createdBy>gubal</createdBy>
<createdTime>2023-11-14 23:35:04 UTC</createdTime>
<generatorID>33F765DC-AE0D-D050-EA15-E7F8B802C5F1</generatorID>
<ownerDesignName>Farmácia_Eficiente</ownerDesignName>
<allowColumnReorder>false</allowColumnReorder>
<existDependencyGenerateInDDl>true</existDependencyGenerateInDDl>
<parsed>true</parsed>
<columns itemClass="oracle.dbtools.crest.model.design.relational.Column">
<Column name="ID_POSTO" id="19126127-75CE-8880-8C46-0EEC9E3C1DAF">
<createdBy>gubal</createdBy>
<createdTime>2023-11-14 23:35:04 UTC</createdTime>
<generatorID>6D789D2B-7B06-0A35-6966-94B0E4F724BE</generatorID>
<ownerDesignName>Farmácia_Eficiente</ownerDesignName>
<useDomainConstraints>false</useDomainConstraints>
<use>1</use>
<logicalDatatype>LOGDT019</logicalDatatype>
<dataTypePrecision>9</dataTypePrecision>
<ownDataTypeParameters>,9,</ownDataTypeParameters>
<autoIncrementCycle>false</autoIncrementCycle>
</Column>
<Column name="ID_ENDERECO" id="9660E0EA-5E30-9C2F-52ED-D6B1EA36D635">
<createdBy>gubal</createdBy>
<createdTime>2023-11-14 23:35:04 UTC</createdTime>
<generatorID>FD1CA00E-6009-63BE-04EF-0D8379AD3BCD</generatorID>
<ownerDesignName>Farmácia_Eficiente</ownerDesignName>
<useDomainConstraints>false</useDomainConstraints>
<use>1</use>
<logicalDatatype>LOGDT019</logicalDatatype>
<dataTypePrecision>9</dataTypePrecision>
<ownDataTypeParameters>,9,</ownDataTypeParameters>
<previousColumn>false</previousColumn>
<autoIncrementCycle>false</autoIncrementCycle>
<associations>
<colAssociation fkAssociation="E4C5D20D-05A8-81D1-7EEB-DBA20E86D859" referredColumn="4A8C95FE-E6D7-3EB1-7B83-B129C668225E"/>
</associations>
</Column>
<Column name="NM_POSTO" id="0A20B3FF-43ED-223A-83C6-EAB0FDCF458D">
<createdBy>gubal</createdBy>
<createdTime>2023-11-14 23:35:04 UTC</createdTime>
<generatorID>72B503CE-13BA-6B07-D213-C45AD0A425D6</generatorID>
<ownerDesignName>Farmácia_Eficiente</ownerDesignName>
<useDomainConstraints>false</useDomainConstraints>
<use>1</use>
<logicalDatatype>LOGDT024</logicalDatatype>
<dataTypeSize>50</dataTypeSize>
<ownDataTypeParameters>50,,</ownDataTypeParameters>
<autoIncrementCycle>false</autoIncrementCycle>
</Column>
<Column name="DS_DESCRICAO" id="5AA0A932-2580-C201-3D6E-81AEDC8C1C82">
<createdBy>gubal</createdBy>
<createdTime>2023-11-14 23:35:04 UTC</createdTime>
<generatorID>6E7B0130-52BC-04EB-F99D-2B6407B125C7</generatorID>
<ownerDesignName>Farmácia_Eficiente</ownerDesignName>
<useDomainConstraints>false</useDomainConstraints>
<use>1</use>
<logicalDatatype>LOGDT024</logicalDatatype>
<dataTypeSize>200</dataTypeSize>
<ownDataTypeParameters>200,,</ownDataTypeParameters>
<autoIncrementCycle>false</autoIncrementCycle>
</Column>
<Column name="SG_ATIVO" id="F90FA3F9-0AF5-E9A2-9BDA-BB1FD1F7CD59">
<createdBy>gubal</createdBy>
<createdTime>2023-11-14 23:35:04 UTC</createdTime>
<generatorID>20227380-95AA-ABBF-6C40-812DCF39D211</generatorID>
<ownerDesignName>Farmácia_Eficiente</ownerDesignName>
<useDomainConstraints>false</useDomainConstraints>
<use>1</use>
<logicalDatatype>LOGDT025</logicalDatatype>
<dataTypeSize>1</dataTypeSize>
<listOfValues>
<valueDef value="A" description="ATIVO"/>
<valueDef value="I" description="INATIVO"/>
</listOfValues>
<defaultValue>A</defaultValue>
<ownDataTypeParameters>1,,</ownDataTypeParameters>
<autoIncrementCycle>false</autoIncrementCycle>
</Column>
</columns>
<indexes itemClass="oracle.dbtools.crest.model.design.relational.Index">
<ind_PK_UK id="FF937C1D-E4F1-2A29-28A2-43FCDBC43CFC" name="PK_T_POSTO_SAUDE">
<createdBy>gubal</createdBy>
<createdTime>2023-11-14 23:35:04 UTC</createdTime>
<generatorID>38C76DF7-30C5-40F7-F317-1D7B307989F3</generatorID>
<ownerDesignName>Farmácia_Eficiente</ownerDesignName>
<pk>true</pk>
<indexState>Primary Constraint</indexState>
<isSurrogateKey>false</isSurrogateKey>
<indexColumnUsage>
<colUsage columnID="19126127-75CE-8880-8C46-0EEC9E3C1DAF"/>
</indexColumnUsage>
</ind_PK_UK>
<ind_PK_UK id="70215816-0301-8BE7-6C24-E50269B89853" name="T_POSTO_SAUDE__IDX">
<createdBy>gubal</createdBy>
<createdTime>2023-11-14 23:35:04 UTC</createdTime>
<ownerDesignName>Farmácia_Eficiente</ownerDesignName>
<indexState>Unique Plain Index</indexState>
<isSurrogateKey>false</isSurrogateKey>
<relationGeneratorID>53589B78-10F5-1790-C0FF-6488AE50D22D</relationGeneratorID>
<indexColumnUsage>
<colUsage columnID="9660E0EA-5E30-9C2F-52ED-D6B1EA36D635"/>
</indexColumnUsage>
</ind_PK_UK>
<ind_PK_UK id="ECA86AD9-B387-E2E4-B65A-2516B88F4FA4" name="FK_POSTO_ENDERECO">
<createdBy>gubal</createdBy>
<createdTime>2023-11-14 23:35:04 UTC</createdTime>
<generatorID>53589B78-10F5-1790-C0FF-6488AE50D22D</generatorID>
<ownerDesignName>Farmácia_Eficiente</ownerDesignName>
<indexState>Foreign Key</indexState>
<isSurrogateKey>false</isSurrogateKey>
<indexColumnUsage>
<colUsage columnID="9660E0EA-5E30-9C2F-52ED-D6B1EA36D635"/>
</indexColumnUsage>
</ind_PK_UK>
</indexes>
</Table>