<?xml version = '1.0' encoding = 'UTF-8'?>
<Table class="oracle.dbtools.crest.model.design.relational.Table" directorySegmentName="seg_0" id="E94B36C5-409E-C601-F4EF-402B8E62465C" name="T_USUARIO">
<createdBy>gubal</createdBy>
<createdTime>2023-11-14 23:35:04 UTC</createdTime>
<generatorID>61D027B1-101C-75FE-AFCE-ED7E7B7A2D8F</generatorID>
<ownerDesignName>Farmácia_Eficiente</ownerDesignName>
<allowColumnReorder>false</allowColumnReorder>
<existDependencyGenerateInDDl>true</existDependencyGenerateInDDl>
<parsed>true</parsed>
<columns itemClass="oracle.dbtools.crest.model.design.relational.Column">
<Column name="ID_USUARIO" id="728DAEAE-49A8-F3E9-6CD8-ECB185C4B4E2">
<createdBy>gubal</createdBy>
<createdTime>2023-11-14 23:35:04 UTC</createdTime>
<generatorID>496DBB61-85CE-4578-CF35-5D360E7E72B5</generatorID>
<ownerDesignName>Farmácia_Eficiente</ownerDesignName>
<useDomainConstraints>false</useDomainConstraints>
<use>1</use>
<logicalDatatype>LOGDT019</logicalDatatype>
<dataTypePrecision>9</dataTypePrecision>
<ownDataTypeParameters>,9,</ownDataTypeParameters>
<autoIncrementCycle>false</autoIncrementCycle>
</Column>
<Column name="ID_ENDERECO" id="D99A1086-F290-356D-F806-F616630E01FE">
<createdBy>gubal</createdBy>
<createdTime>2023-11-14 23:35:04 UTC</createdTime>
<generatorID>C92EF64F-F266-CFA1-A39B-9E42740D0D6E</generatorID>
<ownerDesignName>Farmácia_Eficiente</ownerDesignName>
<useDomainConstraints>false</useDomainConstraints>
<use>1</use>
<logicalDatatype>LOGDT019</logicalDatatype>
<dataTypePrecision>9</dataTypePrecision>
<ownDataTypeParameters>,9,</ownDataTypeParameters>
<previousColumn>false</previousColumn>
<autoIncrementCycle>false</autoIncrementCycle>
<associations>
<colAssociation fkAssociation="2456AB07-6418-3815-583C-8D2FB8293A2C" referredColumn="4A8C95FE-E6D7-3EB1-7B83-B129C668225E"/>
</associations>
</Column>
<Column name="DS_EMAIL" id="DFDC5181-E3C5-412C-6A24-DFCCB7385B70">
<createdBy>gubal</createdBy>
<createdTime>2023-11-14 23:35:04 UTC</createdTime>
<generatorID>52F8CE48-2DC6-9CBC-423C-F65AA4725879</generatorID>
<ownerDesignName>Farmácia_Eficiente</ownerDesignName>
<useDomainConstraints>false</useDomainConstraints>
<use>1</use>
<logicalDatatype>LOGDT024</logicalDatatype>
<dataTypeSize>50</dataTypeSize>
<ownDataTypeParameters>50,,</ownDataTypeParameters>
<autoIncrementCycle>false</autoIncrementCycle>
</Column>
<Column name="NM_USUARIO" id="A5ABD219-5109-1B1C-DFFA-47F75C0E17BB">
<createdBy>gubal</createdBy>
<createdTime>2023-11-14 23:35:04 UTC</createdTime>
<generatorID>1F442B3C-EFA1-BFB3-ED19-8C2DB369C188</generatorID>
<ownerDesignName>Farmácia_Eficiente</ownerDesignName>
<useDomainConstraints>false</useDomainConstraints>
<use>1</use>
<logicalDatatype>LOGDT024</logicalDatatype>
<dataTypeSize>40</dataTypeSize>
<ownDataTypeParameters>40,,</ownDataTypeParameters>
<autoIncrementCycle>false</autoIncrementCycle>
</Column>
<Column name="NR_TELEFONE" id="3551B83F-14D9-B88B-6D52-866EE0FD03EF">
<createdBy>gubal</createdBy>
<createdTime>2023-11-14 23:35:04 UTC</createdTime>
<generatorID>F68E03CA-1D60-23BC-F45C-35DAE444E07C</generatorID>
<ownerDesignName>Farmácia_Eficiente</ownerDesignName>
<useDomainConstraints>false</useDomainConstraints>
<use>1</use>
<logicalDatatype>LOGDT024</logicalDatatype>
<dataTypeSize>9</dataTypeSize>
<ownDataTypeParameters>9,,</ownDataTypeParameters>
<autoIncrementCycle>false</autoIncrementCycle>
</Column>
<Column name="SG_TIPO" id="61702AC2-824B-AF94-DBC0-1E07A687844F">
<createdBy>gubal</createdBy>
<createdTime>2023-11-14 23:35:04 UTC</createdTime>
<generatorID>90ACF4E0-97DF-83E6-A245-BDB517D9222F</generatorID>
<ownerDesignName>Farmácia_Eficiente</ownerDesignName>
<useDomainConstraints>false</useDomainConstraints>
<use>1</use>
<logicalDatatype>LOGDT025</logicalDatatype>
<dataTypeSize>1</dataTypeSize>
<listOfValues>
<valueDef value="A" description="ADMNISTRADOR"/>
<valueDef value="P" description="PACIENTE"/>
</listOfValues>
<ownDataTypeParameters>1,,</ownDataTypeParameters>
<autoIncrementCycle>false</autoIncrementCycle>
</Column>
<Column name="SG_ATIVO" id="47E6F522-8EAD-4375-C4A0-B2628F0613A0">
<createdBy>gubal</createdBy>
<createdTime>2023-11-14 23:35:04 UTC</createdTime>
<generatorID>5E6E895E-D607-5CEE-5649-B5924089BE6A</generatorID>
<ownerDesignName>Farmácia_Eficiente</ownerDesignName>
<useDomainConstraints>false</useDomainConstraints>
<use>1</use>
<logicalDatatype>LOGDT025</logicalDatatype>
<dataTypeSize>1</dataTypeSize>
<listOfValues>
<valueDef value="A" description="ATIVO"/>
<valueDef value="I" description="INATIVO"/>
</listOfValues>
<defaultValue>A</defaultValue>
<ownDataTypeParameters>1,,</ownDataTypeParameters>
<autoIncrementCycle>false</autoIncrementCycle>
</Column>
</columns>
<indexes itemClass="oracle.dbtools.crest.model.design.relational.Index">
<ind_PK_UK id="181D60FB-9A93-C96B-176F-63F6AC018B21" name="PK_T_USUARIO">
<createdBy>gubal</createdBy>
<createdTime>2023-11-14 23:35:04 UTC</createdTime>
<generatorID>44579496-F400-E494-D557-EF45F1B2A772</generatorID>
<ownerDesignName>Farmácia_Eficiente</ownerDesignName>
<pk>true</pk>
<indexState>Primary Constraint</indexState>
<isSurrogateKey>false</isSurrogateKey>
<indexColumnUsage>
<colUsage columnID="728DAEAE-49A8-F3E9-6CD8-ECB185C4B4E2"/>
</indexColumnUsage>
</ind_PK_UK>
<ind_PK_UK id="38A4856E-FD95-BF78-C523-9EE74AA3F068" name="UK_DS_EMAIL">
<createdBy>gubal</createdBy>
<createdTime>2023-11-14 23:35:04 UTC</createdTime>
<generatorID>7A1BBE56-FE11-5FDF-34AF-6395300BB15F</generatorID>
<ownerDesignName>Farmácia_Eficiente</ownerDesignName>
<indexState>Unique Constraint</indexState>
<isSurrogateKey>false</isSurrogateKey>
<indexColumnUsage>
<colUsage columnID="DFDC5181-E3C5-412C-6A24-DFCCB7385B70"/>
</indexColumnUsage>
</ind_PK_UK>
<ind_PK_UK id="A2D92AC0-2B53-846B-6D56-38072245D43F" name="T_USUARIO__IDX">
<createdBy>gubal</createdBy>
<createdTime>2023-11-14 23:35:04 UTC</createdTime>
<ownerDesignName>Farmácia_Eficiente</ownerDesignName>
<indexState>Unique Plain Index</indexState>
<isSurrogateKey>false</isSurrogateKey>
<relationGeneratorID>7A620B19-A6B2-EF62-7DCE-813854B124E5</relationGeneratorID>
<indexColumnUsage>
<colUsage columnID="D99A1086-F290-356D-F806-F616630E01FE"/>
</indexColumnUsage>
</ind_PK_UK>
<ind_PK_UK id="F361951E-1F16-52EB-C7E3-0D138BEE85C2" name="FK_USUARIO_ENDERECO">
<createdBy>gubal</createdBy>
<createdTime>2023-11-14 23:35:04 UTC</createdTime>
<generatorID>7A620B19-A6B2-EF62-7DCE-813854B124E5</generatorID>
<ownerDesignName>Farmácia_Eficiente</ownerDesignName>
<indexState>Foreign Key</indexState>
<isSurrogateKey>false</isSurrogateKey>
<indexColumnUsage>
<colUsage columnID="D99A1086-F290-356D-F806-F616630E01FE"/>
</indexColumnUsage>
</ind_PK_UK>
</indexes>
</Table>