<?xml version = '1.0' encoding = 'UTF-8'?>
<relationalModel class="oracle.dbtools.crest.model.design.relational.RelationalDesign" name="Relational_1" id="C6BC0C4E-C690-A425-5DD0-FF699920DDC2" mainViewID="78468D57-1BB7-DB8C-36FF-B12CF4DB6D43">
<createdBy>gumor</createdBy>
<createdTime>2023-11-14 20:39:26 UTC</createdTime>
<ownerDesignName>Vacina_Fácil</ownerDesignName>
<shouldBeOpen>false</shouldBeOpen>
<selectedRDBMSSite>32076570-2523-435C-2E92-BF29817DFF70</selectedRDBMSSite>
</relationalModel>