<?xml version = '1.0' encoding = 'UTF-8'?>
<Entity class="oracle.dbtools.crest.model.design.logical.Entity" directorySegmentName="seg_0" id="661C4A13-89AF-B569-C012-D03BDB96171B" name="T_RETIRADA">
<createdBy>gumor</createdBy>
<createdTime>2023-11-14 20:21:44 UTC</createdTime>
<ownerDesignName>Farmácia_Eficiente</ownerDesignName>
<engineerTo>
<item key="840542EE-B5B0-63FA-D10A-C2F916EE5EAA" value="true"/>
</engineerTo>
<adequatelyNormalized>NO</adequatelyNormalized>
<expectedVolumes>0</expectedVolumes>
<fwdEngineeringStrategyName>Single Table</fwdEngineeringStrategyName>
<growthPercent>0</growthPercent>
<growthType>Year</growthType>
<maxVolumes>9999999</maxVolumes>
<minVolumes>0</minVolumes>
<normalForm>Third</normalForm>
<attributes itemClass="oracle.dbtools.crest.model.design.logical.Attribute">
<Attribute name="ID_RETIRADA" id="634C841B-3347-DB39-6D50-858C55404E74">
<createdBy>gumor</createdBy>
<createdTime>2023-11-14 20:21:59 UTC</createdTime>
<ownerDesignName>Farmácia_Eficiente</ownerDesignName>
<engineerTo>
<item key="840542EE-B5B0-63FA-D10A-C2F916EE5EAA" value="true"/>
</engineerTo>
<useDomainConstraints>false</useDomainConstraints>
<use>1</use>
<logicalDatatype>LOGDT019</logicalDatatype>
<dataTypePrecision>9</dataTypePrecision>
<ownDataTypeParameters>,9,</ownDataTypeParameters>
</Attribute>
<Attribute name="ID_USUARIO" id="19386AC3-69BA-D7F3-DC30-253D8D810D0C">
<createdBy>gumor</createdBy>
<createdTime>2023-11-14 20:27:04 UTC</createdTime>
<generatorID>CDF18279-D98D-D682-00BD-38BC2870C611</generatorID>
<ownerDesignName>Farmácia_Eficiente</ownerDesignName>
<engineerTo>
<item key="840542EE-B5B0-63FA-D10A-C2F916EE5EAA" value="true"/>
</engineerTo>
<referedAttribute>496DBB61-85CE-4578-CF35-5D360E7E72B5</referedAttribute>
<useDomainConstraints>false</useDomainConstraints>
<use>1</use>
<logicalDatatype>LOGDT019</logicalDatatype>
<dataTypePrecision>9</dataTypePrecision>
<ownDataTypeParameters>,9,</ownDataTypeParameters>
</Attribute>
<Attribute name="ID_MEDICAMENTO_POSTO" id="99F8E143-0264-7A4F-CDC6-4D9D4B35B4CA">
<createdBy>gumor</createdBy>
<createdTime>2023-11-15 00:14:09 UTC</createdTime>
<generatorID>675B1E18-B931-3DD2-205F-E7F77BE24885</generatorID>
<ownerDesignName>Farmácia_Eficiente</ownerDesignName>
<engineerTo>
<item key="840542EE-B5B0-63FA-D10A-C2F916EE5EAA" value="true"/>
</engineerTo>
<referedAttribute>1CBA7155-D49C-A57E-BA68-575E2DE64DE5</referedAttribute>
<useDomainConstraints>false</useDomainConstraints>
<use>1</use>
<logicalDatatype>LOGDT019</logicalDatatype>
<dataTypePrecision>9</dataTypePrecision>
<ownDataTypeParameters>,,</ownDataTypeParameters>
</Attribute>
<Attribute name="DT_RETIRADA" id="C8D045CC-ED76-65B9-82CE-5A4F2A4CC46F">
<createdBy>gumor</createdBy>
<createdTime>2023-11-14 20:22:13 UTC</createdTime>
<ownerDesignName>Farmácia_Eficiente</ownerDesignName>
<engineerTo>
<item key="840542EE-B5B0-63FA-D10A-C2F916EE5EAA" value="true"/>
</engineerTo>
<useDomainConstraints>false</useDomainConstraints>
<use>1</use>
<logicalDatatype>LOGDT007</logicalDatatype>
<ownDataTypeParameters>,,</ownDataTypeParameters>
</Attribute>
</attributes>
<identifiers itemClass="oracle.dbtools.crest.model.design.logical.CandidateKey">
<identifier id="EB5DEA39-583A-9C0D-F1A5-B0A573CB39FF" name="PK_T_RETIRADA">
<createdBy>gumor</createdBy>
<createdTime>2023-11-14 20:22:11 UTC</createdTime>
<ownerDesignName>Farmácia_Eficiente</ownerDesignName>
<shouldEngineer>false</shouldEngineer>
<engineerTo>
<item key="840542EE-B5B0-63FA-D10A-C2F916EE5EAA" value="false"/>
</engineerTo>
<pk>true</pk>
<newElementsIDs>634C841B-3347-DB39-6D50-858C55404E74</newElementsIDs>
<usedAttributes>
<attributeRef>634C841B-3347-DB39-6D50-858C55404E74</attributeRef>
</usedAttributes>
</identifier>
</identifiers>
</Entity>