<?xml version = '1.0' encoding = 'UTF-8'?>
<Entity class="oracle.dbtools.crest.model.design.logical.Entity" directorySegmentName="seg_0" id="860D223D-C390-32D3-D203-0AC7F0DED162" name="T_MEDICAMENTO ">
<createdBy>gubal</createdBy>
<createdTime>2023-11-14 23:32:03 UTC</createdTime>
<ownerDesignName>Farmácia_Eficiente</ownerDesignName>
<engineerTo>
<item key="840542EE-B5B0-63FA-D10A-C2F916EE5EAA" value="true"/>
</engineerTo>
<adequatelyNormalized>NO</adequatelyNormalized>
<expectedVolumes>0</expectedVolumes>
<fwdEngineeringStrategyName>Single Table</fwdEngineeringStrategyName>
<growthPercent>0</growthPercent>
<growthType>Year</growthType>
<maxVolumes>9999999</maxVolumes>
<minVolumes>0</minVolumes>
<normalForm>Third</normalForm>
<attributes itemClass="oracle.dbtools.crest.model.design.logical.Attribute">
<Attribute name="ID_MEDICAMENTO" id="8F78DE92-D2B2-4F32-4B2E-7629841E279C">
<createdBy>gubal</createdBy>
<createdTime>2023-11-14 23:32:32 UTC</createdTime>
<ownerDesignName>Farmácia_Eficiente</ownerDesignName>
<engineerTo>
<item key="840542EE-B5B0-63FA-D10A-C2F916EE5EAA" value="true"/>
</engineerTo>
<useDomainConstraints>false</useDomainConstraints>
<use>1</use>
<logicalDatatype>LOGDT019</logicalDatatype>
<dataTypePrecision>9</dataTypePrecision>
<ownDataTypeParameters>,9,</ownDataTypeParameters>
</Attribute>
<Attribute name="NM_MEDICAMENTO" id="B55B4E51-3C6F-ADC5-0B97-496B589BA8DD">
<createdBy>gubal</createdBy>
<createdTime>2023-11-14 23:33:00 UTC</createdTime>
<ownerDesignName>Farmácia_Eficiente</ownerDesignName>
<engineerTo>
<item key="840542EE-B5B0-63FA-D10A-C2F916EE5EAA" value="true"/>
</engineerTo>
<useDomainConstraints>false</useDomainConstraints>
<use>1</use>
<logicalDatatype>LOGDT024</logicalDatatype>
<dataTypeSize>50</dataTypeSize>
<ownDataTypeParameters>50,,</ownDataTypeParameters>
</Attribute>
<Attribute name="NM_FABRICANTE" id="F3E21051-64EB-38F9-2289-DA5C22F47DE1">
<createdBy>gubal</createdBy>
<createdTime>2023-11-14 23:33:23 UTC</createdTime>
<ownerDesignName>Farmácia_Eficiente</ownerDesignName>
<engineerTo>
<item key="840542EE-B5B0-63FA-D10A-C2F916EE5EAA" value="true"/>
</engineerTo>
<useDomainConstraints>false</useDomainConstraints>
<use>1</use>
<logicalDatatype>LOGDT024</logicalDatatype>
<dataTypeSize>50</dataTypeSize>
<ownDataTypeParameters>50,,</ownDataTypeParameters>
</Attribute>
<Attribute name="NR_DOSE" id="2DAADCEA-D1E9-263A-74A9-7ED37D379830">
<createdBy>gubal</createdBy>
<createdTime>2023-11-14 23:33:50 UTC</createdTime>
<ownerDesignName>Farmácia_Eficiente</ownerDesignName>
<engineerTo>
<item key="840542EE-B5B0-63FA-D10A-C2F916EE5EAA" value="true"/>
</engineerTo>
<useDomainConstraints>false</useDomainConstraints>
<use>1</use>
<logicalDatatype>LOGDT024</logicalDatatype>
<dataTypeSize>10</dataTypeSize>
<ownDataTypeParameters>10,,</ownDataTypeParameters>
</Attribute>
</attributes>
<identifiers itemClass="oracle.dbtools.crest.model.design.logical.CandidateKey">
<identifier id="9B6F5F97-D1FF-F825-6F49-19F5F43F9D82" name="T_MEDICAMENTO PK">
<createdBy>gubal</createdBy>
<createdTime>2023-11-14 23:32:49 UTC</createdTime>
<ownerDesignName>Farmácia_Eficiente</ownerDesignName>
<shouldEngineer>false</shouldEngineer>
<engineerTo>
<item key="840542EE-B5B0-63FA-D10A-C2F916EE5EAA" value="false"/>
</engineerTo>
<pk>true</pk>
<usedAttributes>
<attributeRef>8F78DE92-D2B2-4F32-4B2E-7629841E279C</attributeRef>
</usedAttributes>
</identifier>
</identifiers>
</Entity>